vehicle_id,row_index,display_name,manufacturer,model,variant,source_url,extraction_timestamp_utc,raw_row_text,table_values_json,rank,range_until_stop_km,range_added_20min_km,range_total_one_stop_km,battery_capacity_kwh,consumption_kwh_per_100km,max_charging_power_kw
mercedes_benz_cla_coupe_250_eq_progressive,0,Mercedes-Benz CLA Coupe 250+ EQ Progressive,Mercedes-Benz,CLA Coupe 250+ EQ Progressive,,https://www.adac.de/infogram/a194a8ff-52a8-41cb-bd33-e553c66f04f8/?parent_url=https%3A%2F%2Fwww.adac.de%2Frund-ums-fahrzeug%2Felektromobilitaet%2Fladen%2Fschnellladen-langstrecke-ladekurven-2026%2F&src=embed#async_embed,2026-05-19T08:51:23Z,Mercedes-Benz CLA Coupe 250+ EQ Progressive 1226 670 556,"{""Gesamt-Reichweite"": ""1226"", ""Reichweite mit vollem Akku (10% Restenergie)"": ""670"", ""chart_switch"": """", ""gewonnene Reichweite durch 20 Minuten Laden"": ""556"", ""vehicle"": ""Mercedes-Benz CLA Coupe 250+ EQ Progressive""}",1,670,556,1226,,,
porsche_taycan_performancebatterie_plus,1,Porsche Taycan Performancebatterie Plus,Porsche,Taycan Performancebatterie Plus,,https://www.adac.de/infogram/a194a8ff-52a8-41cb-bd33-e553c66f04f8/?parent_url=https%3A%2F%2Fwww.adac.de%2Frund-ums-fahrzeug%2Felektromobilitaet%2Fladen%2Fschnellladen-langstrecke-ladekurven-2026%2F&src=embed#async_embed,2026-05-19T08:51:23Z,Porsche Taycan Performancebatterie Plus 981 513 468,"{""Gesamt-Reichweite"": ""981"", ""Reichweite mit vollem Akku (10% Restenergie)"": ""513"", ""chart_switch"": """", ""gewonnene Reichweite durch 20 Minuten Laden"": ""468"", ""vehicle"": ""Porsche Taycan Performancebatterie Plus""}",2,513,468,981,,,
mercedes_benz_eqs_450_amg_line,2,Mercedes-Benz EQS 450+ AMG Line,Mercedes-Benz,EQS 450+ AMG Line,,https://www.adac.de/infogram/a194a8ff-52a8-41cb-bd33-e553c66f04f8/?parent_url=https%3A%2F%2Fwww.adac.de%2Frund-ums-fahrzeug%2Felektromobilitaet%2Fladen%2Fschnellladen-langstrecke-ladekurven-2026%2F&src=embed#async_embed,2026-05-19T08:51:23Z,Mercedes-Benz EQS 450+ AMG Line 962 597 365,"{""Gesamt-Reichweite"": ""962"", ""Reichweite mit vollem Akku (10% Restenergie)"": ""597"", ""chart_switch"": """", ""gewonnene Reichweite durch 20 Minuten Laden"": ""365"", ""vehicle"": ""Mercedes-Benz EQS 450+ AMG Line""}",3,597,365,962,,,
hyundai_ioniq_6_77_4_kwh_rwd,3,"Hyundai IONIQ 6 77,4 kWh RWD",Hyundai,"IONIQ 6 77,4 kWh RWD",,https://www.adac.de/infogram/a194a8ff-52a8-41cb-bd33-e553c66f04f8/?parent_url=https%3A%2F%2Fwww.adac.de%2Frund-ums-fahrzeug%2Felektromobilitaet%2Fladen%2Fschnellladen-langstrecke-ladekurven-2026%2F&src=embed#async_embed,2026-05-19T08:51:23Z,"Hyundai IONIQ 6 77,4 kWh RWD 931 502 429","{""Gesamt-Reichweite"": ""931"", ""Reichweite mit vollem Akku (10% Restenergie)"": ""502"", ""chart_switch"": """", ""gewonnene Reichweite durch 20 Minuten Laden"": ""429"", ""vehicle"": ""Hyundai IONIQ 6 77,4 kWh RWD""}",4,502,429,931,,,
audi_a6_avant_e_tron_performance,4,Audi A6 Avant e-tron performance,Audi,A6 Avant e-tron performance,,https://www.adac.de/infogram/a194a8ff-52a8-41cb-bd33-e553c66f04f8/?parent_url=https%3A%2F%2Fwww.adac.de%2Frund-ums-fahrzeug%2Felektromobilitaet%2Fladen%2Fschnellladen-langstrecke-ladekurven-2026%2F&src=embed#async_embed,2026-05-19T08:51:23Z,Audi A6 Avant e-tron performance 921 524 397,"{""Gesamt-Reichweite"": ""921"", ""Reichweite mit vollem Akku (10% Restenergie)"": ""524"", ""chart_switch"": """", ""gewonnene Reichweite durch 20 Minuten Laden"": ""397"", ""vehicle"": ""Audi A6 Avant e-tron performance""}",5,524,397,921,,,
audi_q6_e_tron_performance,5,Audi Q6 e-tron performance,Audi,Q6 e-tron performance,,https://www.adac.de/infogram/a194a8ff-52a8-41cb-bd33-e553c66f04f8/?parent_url=https%3A%2F%2Fwww.adac.de%2Frund-ums-fahrzeug%2Felektromobilitaet%2Fladen%2Fschnellladen-langstrecke-ladekurven-2026%2F&src=embed#async_embed,2026-05-19T08:51:23Z,Audi Q6 e-tron performance 884 509 375,"{""Gesamt-Reichweite"": ""884"", ""Reichweite mit vollem Akku (10% Restenergie)"": ""509"", ""chart_switch"": """", ""gewonnene Reichweite durch 20 Minuten Laden"": ""375"", ""vehicle"": ""Audi Q6 e-tron performance""}",6,509,375,884,,,
smart_5_premium,6,Smart #5 Premium,Smart,#5 Premium,,https://www.adac.de/infogram/a194a8ff-52a8-41cb-bd33-e553c66f04f8/?parent_url=https%3A%2F%2Fwww.adac.de%2Frund-ums-fahrzeug%2Felektromobilitaet%2Fladen%2Fschnellladen-langstrecke-ladekurven-2026%2F&src=embed#async_embed,2026-05-19T08:51:23Z,Smart #5 Premium 876 464 412,"{""Gesamt-Reichweite"": ""876"", ""Reichweite mit vollem Akku (10% Restenergie)"": ""464"", ""chart_switch"": """", ""gewonnene Reichweite durch 20 Minuten Laden"": ""412"", ""vehicle"": ""Smart #5 Premium""}",7,464,412,876,,,
lucid_air_grand_touring,7,Lucid Air Grand Touring,Lucid,Air Grand Touring,,https://www.adac.de/infogram/a194a8ff-52a8-41cb-bd33-e553c66f04f8/?parent_url=https%3A%2F%2Fwww.adac.de%2Frund-ums-fahrzeug%2Felektromobilitaet%2Fladen%2Fschnellladen-langstrecke-ladekurven-2026%2F&src=embed#async_embed,2026-05-19T08:51:23Z,Lucid Air Grand Touring 859 550 309,"{""Gesamt-Reichweite"": ""859"", ""Reichweite mit vollem Akku (10% Restenergie)"": ""550"", ""chart_switch"": """", ""gewonnene Reichweite durch 20 Minuten Laden"": ""309"", ""vehicle"": ""Lucid Air Grand Touring""}",8,550,309,859,,,
bmw_ix_xdrive50_108_8_kwh,8,"BMW iX xDrive50 108,8 kWh",BMW,"iX xDrive50 108,8 kWh",,https://www.adac.de/infogram/a194a8ff-52a8-41cb-bd33-e553c66f04f8/?parent_url=https%3A%2F%2Fwww.adac.de%2Frund-ums-fahrzeug%2Felektromobilitaet%2Fladen%2Fschnellladen-langstrecke-ladekurven-2026%2F&src=embed#async_embed,2026-05-19T08:51:23Z,"BMW iX xDrive50 108,8 kWh 835 553 282","{""Gesamt-Reichweite"": ""835"", ""Reichweite mit vollem Akku (10% Restenergie)"": ""553"", ""chart_switch"": """", ""gewonnene Reichweite durch 20 Minuten Laden"": ""282"", ""vehicle"": ""BMW iX xDrive50 108,8 kWh""}",9,553,282,835,,,
hyundai_ioniq_9_techniq,9,Hyundai IONIQ 9 TECHNIQ,Hyundai,IONIQ 9 TECHNIQ,,https://www.adac.de/infogram/a194a8ff-52a8-41cb-bd33-e553c66f04f8/?parent_url=https%3A%2F%2Fwww.adac.de%2Frund-ums-fahrzeug%2Felektromobilitaet%2Fladen%2Fschnellladen-langstrecke-ladekurven-2026%2F&src=embed#async_embed,2026-05-19T08:51:23Z,Hyundai IONIQ 9 TECHNIQ 832 482 350,"{""Gesamt-Reichweite"": ""832"", ""Reichweite mit vollem Akku (10% Restenergie)"": ""482"", ""chart_switch"": """", ""gewonnene Reichweite durch 20 Minuten Laden"": ""350"", ""vehicle"": ""Hyundai IONIQ 9 TECHNIQ""}",10,482,350,832,,,
genesis_gv60,10,Genesis GV60,Genesis,GV60,,https://www.adac.de/infogram/a194a8ff-52a8-41cb-bd33-e553c66f04f8/?parent_url=https%3A%2F%2Fwww.adac.de%2Frund-ums-fahrzeug%2Felektromobilitaet%2Fladen%2Fschnellladen-langstrecke-ladekurven-2026%2F&src=embed#async_embed,2026-05-19T08:51:23Z,Genesis GV60 828 438 390,"{""Gesamt-Reichweite"": ""828"", ""Reichweite mit vollem Akku (10% Restenergie)"": ""438"", ""chart_switch"": """", ""gewonnene Reichweite durch 20 Minuten Laden"": ""390"", ""vehicle"": ""Genesis GV60""}",11,438,390,828,,,
mercedes_benz_eqs_450_107_8_kwh,11,"Mercedes-Benz EQS 450+ 107,8 kWh",Mercedes-Benz,"EQS 450+ 107,8 kWh",,https://www.adac.de/infogram/a194a8ff-52a8-41cb-bd33-e553c66f04f8/?parent_url=https%3A%2F%2Fwww.adac.de%2Frund-ums-fahrzeug%2Felektromobilitaet%2Fladen%2Fschnellladen-langstrecke-ladekurven-2026%2F&src=embed#async_embed,2026-05-19T08:51:23Z,"Mercedes-Benz EQS 450+ 107,8 kWh 825 521 304","{""Gesamt-Reichweite"": ""825"", ""Reichweite mit vollem Akku (10% Restenergie)"": ""521"", ""chart_switch"": """", ""gewonnene Reichweite durch 20 Minuten Laden"": ""304"", ""vehicle"": ""Mercedes-Benz EQS 450+ 107,8 kWh""}",12,521,304,825,,,
xpeng_g6_long_range,12,XPeng G6 Long Range,XPeng,G6 Long Range,,https://www.adac.de/infogram/a194a8ff-52a8-41cb-bd33-e553c66f04f8/?parent_url=https%3A%2F%2Fwww.adac.de%2Frund-ums-fahrzeug%2Felektromobilitaet%2Fladen%2Fschnellladen-langstrecke-ladekurven-2026%2F&src=embed#async_embed,2026-05-19T08:51:23Z,XPeng G6 Long Range 820 454 366,"{""Gesamt-Reichweite"": ""820"", ""Reichweite mit vollem Akku (10% Restenergie)"": ""454"", ""chart_switch"": """", ""gewonnene Reichweite durch 20 Minuten Laden"": ""366"", ""vehicle"": ""XPeng G6 Long Range""}",13,454,366,820,,,
hyundai_ioniq_5_84_kwh_uniq_2wd,13,Hyundai IONIQ 5 (84 kWh) UNIQ 2WD,Hyundai,IONIQ 5 (84 kWh) UNIQ 2WD,,https://www.adac.de/infogram/a194a8ff-52a8-41cb-bd33-e553c66f04f8/?parent_url=https%3A%2F%2Fwww.adac.de%2Frund-ums-fahrzeug%2Felektromobilitaet%2Fladen%2Fschnellladen-langstrecke-ladekurven-2026%2F&src=embed#async_embed,2026-05-19T08:51:23Z,Hyundai IONIQ 5 (84 kWh) UNIQ 2WD 818 450 368,"{""Gesamt-Reichweite"": ""818"", ""Reichweite mit vollem Akku (10% Restenergie)"": ""450"", ""chart_switch"": """", ""gewonnene Reichweite durch 20 Minuten Laden"": ""368"", ""vehicle"": ""Hyundai IONIQ 5 (84 kWh) UNIQ 2WD""}",14,450,368,818,,,
mercedes_benz_eqe_suv_350,14,Mercedes-Benz EQE SUV 350+,Mercedes-Benz,EQE SUV 350+,,https://www.adac.de/infogram/a194a8ff-52a8-41cb-bd33-e553c66f04f8/?parent_url=https%3A%2F%2Fwww.adac.de%2Frund-ums-fahrzeug%2Felektromobilitaet%2Fladen%2Fschnellladen-langstrecke-ladekurven-2026%2F&src=embed#async_embed,2026-05-19T08:51:23Z,Mercedes-Benz EQE SUV 350+ 806 503 303,"{""Gesamt-Reichweite"": ""806"", ""Reichweite mit vollem Akku (10% Restenergie)"": ""503"", ""chart_switch"": """", ""gewonnene Reichweite durch 20 Minuten Laden"": ""303"", ""vehicle"": ""Mercedes-Benz EQE SUV 350+""}",15,503,303,806,,,
polestar_2_lr_sm_82_kwh,15,Polestar 2 LR SM 82 kWh,Polestar,2 LR SM 82 kWh,,https://www.adac.de/infogram/a194a8ff-52a8-41cb-bd33-e553c66f04f8/?parent_url=https%3A%2F%2Fwww.adac.de%2Frund-ums-fahrzeug%2Felektromobilitaet%2Fladen%2Fschnellladen-langstrecke-ladekurven-2026%2F&src=embed#async_embed,2026-05-19T08:51:23Z,Polestar 2 LR SM 82 kWh 801 481 320,"{""Gesamt-Reichweite"": ""801"", ""Reichweite mit vollem Akku (10% Restenergie)"": ""481"", ""chart_switch"": """", ""gewonnene Reichweite durch 20 Minuten Laden"": ""320"", ""vehicle"": ""Polestar 2 LR SM 82 kWh""}",16,481,320,801,,,
nio_et5_touring_100_kwh,16,NIO ET5 Touring 100 kWh,NIO,ET5 Touring 100 kWh,,https://www.adac.de/infogram/a194a8ff-52a8-41cb-bd33-e553c66f04f8/?parent_url=https%3A%2F%2Fwww.adac.de%2Frund-ums-fahrzeug%2Felektromobilitaet%2Fladen%2Fschnellladen-langstrecke-ladekurven-2026%2F&src=embed#async_embed,2026-05-19T08:51:23Z,NIO ET5 Touring 100 kWh 792 466 326,"{""Gesamt-Reichweite"": ""792"", ""Reichweite mit vollem Akku (10% Restenergie)"": ""466"", ""chart_switch"": """", ""gewonnene Reichweite durch 20 Minuten Laden"": ""326"", ""vehicle"": ""NIO ET5 Touring 100 kWh""}",17,466,326,792,,,
porsche_macan,17,Porsche Macan,Porsche,Macan,,https://www.adac.de/infogram/a194a8ff-52a8-41cb-bd33-e553c66f04f8/?parent_url=https%3A%2F%2Fwww.adac.de%2Frund-ums-fahrzeug%2Felektromobilitaet%2Fladen%2Fschnellladen-langstrecke-ladekurven-2026%2F&src=embed#async_embed,2026-05-19T08:51:23Z,Porsche Macan 786 458 328,"{""Gesamt-Reichweite"": ""786"", ""Reichweite mit vollem Akku (10% Restenergie)"": ""458"", ""chart_switch"": """", ""gewonnene Reichweite durch 20 Minuten Laden"": ""328"", ""vehicle"": ""Porsche Macan""}",18,458,328,786,,,
hyundai_ioniq_5_77_4_kwh_rwd,18,"Hyundai IONIQ 5 77,4 kWh RWD",Hyundai,"IONIQ 5 77,4 kWh RWD",,https://www.adac.de/infogram/a194a8ff-52a8-41cb-bd33-e553c66f04f8/?parent_url=https%3A%2F%2Fwww.adac.de%2Frund-ums-fahrzeug%2Felektromobilitaet%2Fladen%2Fschnellladen-langstrecke-ladekurven-2026%2F&src=embed#async_embed,2026-05-19T08:51:23Z,"Hyundai IONIQ 5 77,4 kWh RWD 786 423 363","{""Gesamt-Reichweite"": ""786"", ""Reichweite mit vollem Akku (10% Restenergie)"": ""423"", ""chart_switch"": """", ""gewonnene Reichweite durch 20 Minuten Laden"": ""363"", ""vehicle"": ""Hyundai IONIQ 5 77,4 kWh RWD""}",19,423,363,786,,,
mercedes_benz_eqe_350_rwd,19,Mercedes-Benz EQE 350+ RWD,Mercedes-Benz,EQE 350+ RWD,,https://www.adac.de/infogram/a194a8ff-52a8-41cb-bd33-e553c66f04f8/?parent_url=https%3A%2F%2Fwww.adac.de%2Frund-ums-fahrzeug%2Felektromobilitaet%2Fladen%2Fschnellladen-langstrecke-ladekurven-2026%2F&src=embed#async_embed,2026-05-19T08:51:23Z,Mercedes-Benz EQE 350+ RWD 783 480 303,"{""Gesamt-Reichweite"": ""783"", ""Reichweite mit vollem Akku (10% Restenergie)"": ""480"", ""chart_switch"": """", ""gewonnene Reichweite durch 20 Minuten Laden"": ""303"", ""vehicle"": ""Mercedes-Benz EQE 350+ RWD""}",20,480,303,783,,,
hyundai_ioniq_6_77_4_kwh_awd,20,"Hyundai IONIQ 6 77,4 kWh AWD",Hyundai,"IONIQ 6 77,4 kWh AWD",,https://www.adac.de/infogram/a194a8ff-52a8-41cb-bd33-e553c66f04f8/?parent_url=https%3A%2F%2Fwww.adac.de%2Frund-ums-fahrzeug%2Felektromobilitaet%2Fladen%2Fschnellladen-langstrecke-ladekurven-2026%2F&src=embed#async_embed,2026-05-19T08:51:23Z,"Hyundai IONIQ 6 77,4 kWh AWD 782 422 360","{""Gesamt-Reichweite"": ""782"", ""Reichweite mit vollem Akku (10% Restenergie)"": ""422"", ""chart_switch"": """", ""gewonnene Reichweite durch 20 Minuten Laden"": ""360"", ""vehicle"": ""Hyundai IONIQ 6 77,4 kWh AWD""}",21,422,360,782,,,
mercedes_benz_eqs_580_107_8_kwh,21,"Mercedes-Benz EQS 580 107,8 kWh",Mercedes-Benz,"EQS 580 107,8 kWh",,https://www.adac.de/infogram/a194a8ff-52a8-41cb-bd33-e553c66f04f8/?parent_url=https%3A%2F%2Fwww.adac.de%2Frund-ums-fahrzeug%2Felektromobilitaet%2Fladen%2Fschnellladen-langstrecke-ladekurven-2026%2F&src=embed#async_embed,2026-05-19T08:51:23Z,"Mercedes-Benz EQS 580 107,8 kWh 782 488 294","{""Gesamt-Reichweite"": ""782"", ""Reichweite mit vollem Akku (10% Restenergie)"": ""488"", ""chart_switch"": """", ""gewonnene Reichweite durch 20 Minuten Laden"": ""294"", ""vehicle"": ""Mercedes-Benz EQS 580 107,8 kWh""}",22,488,294,782,,,
bmw_i7_xdrive60,22,BMW i7 xDrive60,BMW,i7 xDrive60,,https://www.adac.de/infogram/a194a8ff-52a8-41cb-bd33-e553c66f04f8/?parent_url=https%3A%2F%2Fwww.adac.de%2Frund-ums-fahrzeug%2Felektromobilitaet%2Fladen%2Fschnellladen-langstrecke-ladekurven-2026%2F&src=embed#async_embed,2026-05-19T08:51:23Z,BMW i7 xDrive60 780 491 289,"{""Gesamt-Reichweite"": ""780"", ""Reichweite mit vollem Akku (10% Restenergie)"": ""491"", ""chart_switch"": """", ""gewonnene Reichweite durch 20 Minuten Laden"": ""289"", ""vehicle"": ""BMW i7 xDrive60""}",23,491,289,780,,,
tesla_model_x,23,Tesla Model X,Tesla,Model X,,https://www.adac.de/infogram/a194a8ff-52a8-41cb-bd33-e553c66f04f8/?parent_url=https%3A%2F%2Fwww.adac.de%2Frund-ums-fahrzeug%2Felektromobilitaet%2Fladen%2Fschnellladen-langstrecke-ladekurven-2026%2F&src=embed#async_embed,2026-05-19T08:51:23Z,Tesla Model X 763 476 287,"{""Gesamt-Reichweite"": ""763"", ""Reichweite mit vollem Akku (10% Restenergie)"": ""476"", ""chart_switch"": """", ""gewonnene Reichweite durch 20 Minuten Laden"": ""287"", ""vehicle"": ""Tesla Model X""}",24,476,287,763,,,
kia_ev6_earth,24,KIA EV6 Earth,Kia,EV6 Earth,,https://www.adac.de/infogram/a194a8ff-52a8-41cb-bd33-e553c66f04f8/?parent_url=https%3A%2F%2Fwww.adac.de%2Frund-ums-fahrzeug%2Felektromobilitaet%2Fladen%2Fschnellladen-langstrecke-ladekurven-2026%2F&src=embed#async_embed,2026-05-19T08:51:23Z,KIA EV6 Earth 763 418 345,"{""Gesamt-Reichweite"": ""763"", ""Reichweite mit vollem Akku (10% Restenergie)"": ""418"", ""chart_switch"": """", ""gewonnene Reichweite durch 20 Minuten Laden"": ""345"", ""vehicle"": ""KIA EV6 Earth""}",25,418,345,763,,,
vw_id_3_gtx,25,VW ID.3 GTX,VW,ID.3 GTX,,https://www.adac.de/infogram/a194a8ff-52a8-41cb-bd33-e553c66f04f8/?parent_url=https%3A%2F%2Fwww.adac.de%2Frund-ums-fahrzeug%2Felektromobilitaet%2Fladen%2Fschnellladen-langstrecke-ladekurven-2026%2F&src=embed#async_embed,2026-05-19T08:51:23Z,VW ID.3 GTX 760 481 279,"{""Gesamt-Reichweite"": ""760"", ""Reichweite mit vollem Akku (10% Restenergie)"": ""481"", ""chart_switch"": """", ""gewonnene Reichweite durch 20 Minuten Laden"": ""279"", ""vehicle"": ""VW ID.3 GTX""}",26,481,279,760,,,
volvo_xc40_recharge_sm_79_kwh,26,Volvo XC40 Recharge SM 79 kWh,Volvo,XC40 Recharge SM 79 kWh,,https://www.adac.de/infogram/a194a8ff-52a8-41cb-bd33-e553c66f04f8/?parent_url=https%3A%2F%2Fwww.adac.de%2Frund-ums-fahrzeug%2Felektromobilitaet%2Fladen%2Fschnellladen-langstrecke-ladekurven-2026%2F&src=embed#async_embed,2026-05-19T08:51:23Z,Volvo XC40 Recharge SM 79 kWh 750 450 300,"{""Gesamt-Reichweite"": ""750"", ""Reichweite mit vollem Akku (10% Restenergie)"": ""450"", ""chart_switch"": """", ""gewonnene Reichweite durch 20 Minuten Laden"": ""300"", ""vehicle"": ""Volvo XC40 Recharge SM 79 kWh""}",27,450,300,750,,,
tesla_model_s,27,Tesla Model S,Tesla,Model S,,https://www.adac.de/infogram/a194a8ff-52a8-41cb-bd33-e553c66f04f8/?parent_url=https%3A%2F%2Fwww.adac.de%2Frund-ums-fahrzeug%2Felektromobilitaet%2Fladen%2Fschnellladen-langstrecke-ladekurven-2026%2F&src=embed#async_embed,2026-05-19T08:51:23Z,Tesla Model S 743 459 284,"{""Gesamt-Reichweite"": ""743"", ""Reichweite mit vollem Akku (10% Restenergie)"": ""459"", ""chart_switch"": """", ""gewonnene Reichweite durch 20 Minuten Laden"": ""284"", ""vehicle"": ""Tesla Model S""}",28,459,284,743,,,
bmw_i5_edrive40,28,BMW i5 eDrive40,BMW,i5 eDrive40,,https://www.adac.de/infogram/a194a8ff-52a8-41cb-bd33-e553c66f04f8/?parent_url=https%3A%2F%2Fwww.adac.de%2Frund-ums-fahrzeug%2Felektromobilitaet%2Fladen%2Fschnellladen-langstrecke-ladekurven-2026%2F&src=embed#async_embed,2026-05-19T08:51:23Z,BMW i5 eDrive40 743 453 290,"{""Gesamt-Reichweite"": ""743"", ""Reichweite mit vollem Akku (10% Restenergie)"": ""453"", ""chart_switch"": """", ""gewonnene Reichweite durch 20 Minuten Laden"": ""290"", ""vehicle"": ""BMW i5 eDrive40""}",29,453,290,743,,,
polestar_4_long_range_single_motor,29,Polestar 4 Long Range Single Motor,Polestar,4 Long Range Single Motor,,https://www.adac.de/infogram/a194a8ff-52a8-41cb-bd33-e553c66f04f8/?parent_url=https%3A%2F%2Fwww.adac.de%2Frund-ums-fahrzeug%2Felektromobilitaet%2Fladen%2Fschnellladen-langstrecke-ladekurven-2026%2F&src=embed#async_embed,2026-05-19T08:51:23Z,Polestar 4 Long Range Single Motor 741 482 259,"{""Gesamt-Reichweite"": ""741"", ""Reichweite mit vollem Akku (10% Restenergie)"": ""482"", ""chart_switch"": """", ""gewonnene Reichweite durch 20 Minuten Laden"": ""259"", ""vehicle"": ""Polestar 4 Long Range Single Motor""}",30,482,259,741,,,
xpeng_g9_awd,30,XPeng G9 AWD,XPeng,G9 AWD,,https://www.adac.de/infogram/a194a8ff-52a8-41cb-bd33-e553c66f04f8/?parent_url=https%3A%2F%2Fwww.adac.de%2Frund-ums-fahrzeug%2Felektromobilitaet%2Fladen%2Fschnellladen-langstrecke-ladekurven-2026%2F&src=embed#async_embed,2026-05-19T08:51:23Z,XPeng G9 AWD 737 419 318,"{""Gesamt-Reichweite"": ""737"", ""Reichweite mit vollem Akku (10% Restenergie)"": ""419"", ""chart_switch"": """", ""gewonnene Reichweite durch 20 Minuten Laden"": ""318"", ""vehicle"": ""XPeng G9 AWD""}",31,419,318,737,,,
volvo_ec40_sm_er,31,Volvo EC40 SM ER,Volvo,EC40 SM ER,,https://www.adac.de/infogram/a194a8ff-52a8-41cb-bd33-e553c66f04f8/?parent_url=https%3A%2F%2Fwww.adac.de%2Frund-ums-fahrzeug%2Felektromobilitaet%2Fladen%2Fschnellladen-langstrecke-ladekurven-2026%2F&src=embed#async_embed,2026-05-19T08:51:23Z,Volvo EC40 SM ER 733 449 284,"{""Gesamt-Reichweite"": ""733"", ""Reichweite mit vollem Akku (10% Restenergie)"": ""449"", ""chart_switch"": """", ""gewonnene Reichweite durch 20 Minuten Laden"": ""284"", ""vehicle"": ""Volvo EC40 SM ER""}",32,449,284,733,,,
opel_grandland_electric_long_range_gs_97_kwh,32,Opel Grandland Electric Long Range GS (97 kWh),Opel,Grandland Electric Long Range GS (97 kWh),,https://www.adac.de/infogram/a194a8ff-52a8-41cb-bd33-e553c66f04f8/?parent_url=https%3A%2F%2Fwww.adac.de%2Frund-ums-fahrzeug%2Felektromobilitaet%2Fladen%2Fschnellladen-langstrecke-ladekurven-2026%2F&src=embed#async_embed,2026-05-19T08:51:23Z,Opel Grandland Electric Long Range GS (97 kWh) 731 495 236,"{""Gesamt-Reichweite"": ""731"", ""Reichweite mit vollem Akku (10% Restenergie)"": ""495"", ""chart_switch"": """", ""gewonnene Reichweite durch 20 Minuten Laden"": ""236"", ""vehicle"": ""Opel Grandland Electric Long Range GS (97 kWh)""}",33,495,236,731,,,
hyundai_ioniq_5_77_4_kwh_awd,33,"Hyundai IONIQ 5 77,4 kWh AWD",Hyundai,"IONIQ 5 77,4 kWh AWD",,https://www.adac.de/infogram/a194a8ff-52a8-41cb-bd33-e553c66f04f8/?parent_url=https%3A%2F%2Fwww.adac.de%2Frund-ums-fahrzeug%2Felektromobilitaet%2Fladen%2Fschnellladen-langstrecke-ladekurven-2026%2F&src=embed#async_embed,2026-05-19T08:51:23Z,"Hyundai IONIQ 5 77,4 kWh AWD 730 393 337","{""Gesamt-Reichweite"": ""730"", ""Reichweite mit vollem Akku (10% Restenergie)"": ""393"", ""chart_switch"": """", ""gewonnene Reichweite durch 20 Minuten Laden"": ""337"", ""vehicle"": ""Hyundai IONIQ 5 77,4 kWh AWD""}",34,393,337,730,,,
bmw_i4_edrive40_80_7_kwh,34,"BMW i4 eDrive40 80,7 kWh",BMW,"i4 eDrive40 80,7 kWh",,https://www.adac.de/infogram/a194a8ff-52a8-41cb-bd33-e553c66f04f8/?parent_url=https%3A%2F%2Fwww.adac.de%2Frund-ums-fahrzeug%2Felektromobilitaet%2Fladen%2Fschnellladen-langstrecke-ladekurven-2026%2F&src=embed#async_embed,2026-05-19T08:51:23Z,"BMW i4 eDrive40 80,7 kWh 721 444 277","{""Gesamt-Reichweite"": ""721"", ""Reichweite mit vollem Akku (10% Restenergie)"": ""444"", ""chart_switch"": """", ""gewonnene Reichweite durch 20 Minuten Laden"": ""277"", ""vehicle"": ""BMW i4 eDrive40 80,7 kWh""}",35,444,277,721,,,
vw_id_7_tourer_gtx,35,VW ID.7 Tourer GTX,VW,ID.7 Tourer GTX,,https://www.adac.de/infogram/a194a8ff-52a8-41cb-bd33-e553c66f04f8/?parent_url=https%3A%2F%2Fwww.adac.de%2Frund-ums-fahrzeug%2Felektromobilitaet%2Fladen%2Fschnellladen-langstrecke-ladekurven-2026%2F&src=embed#async_embed,2026-05-19T08:51:23Z,VW ID.7 Tourer GTX 718 429 289,"{""Gesamt-Reichweite"": ""718"", ""Reichweite mit vollem Akku (10% Restenergie)"": ""429"", ""chart_switch"": """", ""gewonnene Reichweite durch 20 Minuten Laden"": ""289"", ""vehicle"": ""VW ID.7 Tourer GTX""}",36,429,289,718,,,
ford_capri_extended_range_79_kwh_premium_awd,36,Ford Capri Extended Range (79 kWh) Premium AWD,Ford,Capri Extended Range (79 kWh) Premium AWD,,https://www.adac.de/infogram/a194a8ff-52a8-41cb-bd33-e553c66f04f8/?parent_url=https%3A%2F%2Fwww.adac.de%2Frund-ums-fahrzeug%2Felektromobilitaet%2Fladen%2Fschnellladen-langstrecke-ladekurven-2026%2F&src=embed#async_embed,2026-05-19T08:51:23Z,Ford Capri Extended Range (79 kWh) Premium AWD 716 446 270,"{""Gesamt-Reichweite"": ""716"", ""Reichweite mit vollem Akku (10% Restenergie)"": ""446"", ""chart_switch"": """", ""gewonnene Reichweite durch 20 Minuten Laden"": ""270"", ""vehicle"": ""Ford Capri Extended Range (79 kWh) Premium AWD""}",37,446,270,716,,,
vw_id_7_pro,37,VW ID.7 Pro,VW,ID.7 Pro,,https://www.adac.de/infogram/a194a8ff-52a8-41cb-bd33-e553c66f04f8/?parent_url=https%3A%2F%2Fwww.adac.de%2Frund-ums-fahrzeug%2Felektromobilitaet%2Fladen%2Fschnellladen-langstrecke-ladekurven-2026%2F&src=embed#async_embed,2026-05-19T08:51:23Z,VW ID.7 Pro 711 437 274,"{""Gesamt-Reichweite"": ""711"", ""Reichweite mit vollem Akku (10% Restenergie)"": ""437"", ""chart_switch"": """", ""gewonnene Reichweite durch 20 Minuten Laden"": ""274"", ""vehicle"": ""VW ID.7 Pro""}",38,437,274,711,,,
bmw_i4_xdrive40_m_sportpaket,38,BMW i4 xDrive40 M Sportpaket,BMW,i4 xDrive40 M Sportpaket,,https://www.adac.de/infogram/a194a8ff-52a8-41cb-bd33-e553c66f04f8/?parent_url=https%3A%2F%2Fwww.adac.de%2Frund-ums-fahrzeug%2Felektromobilitaet%2Fladen%2Fschnellladen-langstrecke-ladekurven-2026%2F&src=embed#async_embed,2026-05-19T08:51:23Z,BMW i4 xDrive40 M Sportpaket 705 408 297,"{""Gesamt-Reichweite"": ""705"", ""Reichweite mit vollem Akku (10% Restenergie)"": ""408"", ""chart_switch"": """", ""gewonnene Reichweite durch 20 Minuten Laden"": ""297"", ""vehicle"": ""BMW i4 xDrive40 M Sportpaket""}",39,408,297,705,,,
nio_et5_100_kwh,39,NIO ET5 100 kWh,NIO,ET5 100 kWh,,https://www.adac.de/infogram/a194a8ff-52a8-41cb-bd33-e553c66f04f8/?parent_url=https%3A%2F%2Fwww.adac.de%2Frund-ums-fahrzeug%2Felektromobilitaet%2Fladen%2Fschnellladen-langstrecke-ladekurven-2026%2F&src=embed#async_embed,2026-05-19T08:51:23Z,NIO ET5 100 kWh 701 481 220,"{""Gesamt-Reichweite"": ""701"", ""Reichweite mit vollem Akku (10% Restenergie)"": ""481"", ""chart_switch"": """", ""gewonnene Reichweite durch 20 Minuten Laden"": ""220"", ""vehicle"": ""NIO ET5 100 kWh""}",40,481,220,701,,,
skoda_enyaq_85x_sportline,40,Skoda Enyaq 85x Sportline,Skoda,Enyaq 85x Sportline,,https://www.adac.de/infogram/a194a8ff-52a8-41cb-bd33-e553c66f04f8/?parent_url=https%3A%2F%2Fwww.adac.de%2Frund-ums-fahrzeug%2Felektromobilitaet%2Fladen%2Fschnellladen-langstrecke-ladekurven-2026%2F&src=embed#async_embed,2026-05-19T08:51:23Z,Skoda Enyaq 85x Sportline 701 419 282,"{""Gesamt-Reichweite"": ""701"", ""Reichweite mit vollem Akku (10% Restenergie)"": ""419"", ""chart_switch"": """", ""gewonnene Reichweite durch 20 Minuten Laden"": ""282"", ""vehicle"": ""Skoda Enyaq 85x Sportline""}",41,419,282,701,,,
genesis_g80_electrified_awd,41,Genesis G80 Electrified AWD,Genesis,G80 Electrified AWD,,https://www.adac.de/infogram/a194a8ff-52a8-41cb-bd33-e553c66f04f8/?parent_url=https%3A%2F%2Fwww.adac.de%2Frund-ums-fahrzeug%2Felektromobilitaet%2Fladen%2Fschnellladen-langstrecke-ladekurven-2026%2F&src=embed#async_embed,2026-05-19T08:51:23Z,Genesis G80 Electrified AWD 700 402 298,"{""Gesamt-Reichweite"": ""700"", ""Reichweite mit vollem Akku (10% Restenergie)"": ""402"", ""chart_switch"": """", ""gewonnene Reichweite durch 20 Minuten Laden"": ""298"", ""vehicle"": ""Genesis G80 Electrified AWD""}",42,402,298,700,,,
ford_explorer_ev_extended_range_79_kwh_premium_awd,42,Ford Explorer EV Extended Range (79 kWh) Premium AWD,Ford,Explorer EV Extended Range (79 kWh) Premium AWD,,https://www.adac.de/infogram/a194a8ff-52a8-41cb-bd33-e553c66f04f8/?parent_url=https%3A%2F%2Fwww.adac.de%2Frund-ums-fahrzeug%2Felektromobilitaet%2Fladen%2Fschnellladen-langstrecke-ladekurven-2026%2F&src=embed#async_embed,2026-05-19T08:51:23Z,Ford Explorer EV Extended Range (79 kWh) Premium AWD 684 404 280,"{""Gesamt-Reichweite"": ""684"", ""Reichweite mit vollem Akku (10% Restenergie)"": ""404"", ""chart_switch"": """", ""gewonnene Reichweite durch 20 Minuten Laden"": ""280"", ""vehicle"": ""Ford Explorer EV Extended Range (79 kWh) Premium AWD""}",43,404,280,684,,,
cupra_tavascan_endurance,43,Cupra Tavascan Endurance,Cupra,Tavascan Endurance,,https://www.adac.de/infogram/a194a8ff-52a8-41cb-bd33-e553c66f04f8/?parent_url=https%3A%2F%2Fwww.adac.de%2Frund-ums-fahrzeug%2Felektromobilitaet%2Fladen%2Fschnellladen-langstrecke-ladekurven-2026%2F&src=embed#async_embed,2026-05-19T08:51:23Z,Cupra Tavascan Endurance 683 421 262,"{""Gesamt-Reichweite"": ""683"", ""Reichweite mit vollem Akku (10% Restenergie)"": ""421"", ""chart_switch"": """", ""gewonnene Reichweite durch 20 Minuten Laden"": ""262"", ""vehicle"": ""Cupra Tavascan Endurance""}",44,421,262,683,,,
xpeng_p7_awd,44,XPeng P7 AWD,XPeng,P7 AWD,,https://www.adac.de/infogram/a194a8ff-52a8-41cb-bd33-e553c66f04f8/?parent_url=https%3A%2F%2Fwww.adac.de%2Frund-ums-fahrzeug%2Felektromobilitaet%2Fladen%2Fschnellladen-langstrecke-ladekurven-2026%2F&src=embed#async_embed,2026-05-19T08:51:23Z,XPeng P7 AWD 683 412 271,"{""Gesamt-Reichweite"": ""683"", ""Reichweite mit vollem Akku (10% Restenergie)"": ""412"", ""chart_switch"": """", ""gewonnene Reichweite durch 20 Minuten Laden"": ""271"", ""vehicle"": ""XPeng P7 AWD""}",45,412,271,683,,,
tesla_model_3_mr_awd,45,Tesla Model 3 MR AWD,Tesla,Model 3 MR AWD,,https://www.adac.de/infogram/a194a8ff-52a8-41cb-bd33-e553c66f04f8/?parent_url=https%3A%2F%2Fwww.adac.de%2Frund-ums-fahrzeug%2Felektromobilitaet%2Fladen%2Fschnellladen-langstrecke-ladekurven-2026%2F&src=embed#async_embed,2026-05-19T08:51:23Z,"Tesla Model 3 MR AWD 682 423,9 258","{""Gesamt-Reichweite"": ""682"", ""Reichweite mit vollem Akku (10% Restenergie)"": ""423,9"", ""chart_switch"": """", ""gewonnene Reichweite durch 20 Minuten Laden"": ""258"", ""vehicle"": ""Tesla Model 3 MR AWD""}",46,"423,9",258,682,,,
audi_q8_e_tron_55_106_kwh,46,Audi Q8 e-tron 55 106 kWh,Audi,Q8 e-tron 55 106 kWh,,https://www.adac.de/infogram/a194a8ff-52a8-41cb-bd33-e553c66f04f8/?parent_url=https%3A%2F%2Fwww.adac.de%2Frund-ums-fahrzeug%2Felektromobilitaet%2Fladen%2Fschnellladen-langstrecke-ladekurven-2026%2F&src=embed#async_embed,2026-05-19T08:51:23Z,Audi Q8 e-tron 55 106 kWh 682 452 230,"{""Gesamt-Reichweite"": ""682"", ""Reichweite mit vollem Akku (10% Restenergie)"": ""452"", ""chart_switch"": """", ""gewonnene Reichweite durch 20 Minuten Laden"": ""230"", ""vehicle"": ""Audi Q8 e-tron 55 106 kWh""}",47,452,230,682,,,
skoda_elroq_85,47,Skoda Elroq 85,Skoda,Elroq 85,,https://www.adac.de/infogram/a194a8ff-52a8-41cb-bd33-e553c66f04f8/?parent_url=https%3A%2F%2Fwww.adac.de%2Frund-ums-fahrzeug%2Felektromobilitaet%2Fladen%2Fschnellladen-langstrecke-ladekurven-2026%2F&src=embed#async_embed,2026-05-19T08:51:23Z,Skoda Elroq 85 679 430 249,"{""Gesamt-Reichweite"": ""679"", ""Reichweite mit vollem Akku (10% Restenergie)"": ""430"", ""chart_switch"": """", ""gewonnene Reichweite durch 20 Minuten Laden"": ""249"", ""vehicle"": ""Skoda Elroq 85""}",48,430,249,679,,,
byd_sealion_7_excellence_awd,48,BYD Sealion 7 Excellence AWD,BYD,Sealion 7 Excellence AWD,,https://www.adac.de/infogram/a194a8ff-52a8-41cb-bd33-e553c66f04f8/?parent_url=https%3A%2F%2Fwww.adac.de%2Frund-ums-fahrzeug%2Felektromobilitaet%2Fladen%2Fschnellladen-langstrecke-ladekurven-2026%2F&src=embed#async_embed,2026-05-19T08:51:23Z,BYD Sealion 7 Excellence AWD 669 389 280,"{""Gesamt-Reichweite"": ""669"", ""Reichweite mit vollem Akku (10% Restenergie)"": ""389"", ""chart_switch"": """", ""gewonnene Reichweite durch 20 Minuten Laden"": ""280"", ""vehicle"": ""BYD Sealion 7 Excellence AWD""}",49,389,280,669,,,
nio_el8_long_range_executive,49,NIO EL8 Long Range Executive,NIO,EL8 Long Range Executive,,https://www.adac.de/infogram/a194a8ff-52a8-41cb-bd33-e553c66f04f8/?parent_url=https%3A%2F%2Fwww.adac.de%2Frund-ums-fahrzeug%2Felektromobilitaet%2Fladen%2Fschnellladen-langstrecke-ladekurven-2026%2F&src=embed#async_embed,2026-05-19T08:51:23Z,NIO EL8 Long Range Executive 664 410 254,"{""Gesamt-Reichweite"": ""664"", ""Reichweite mit vollem Akku (10% Restenergie)"": ""410"", ""chart_switch"": """", ""gewonnene Reichweite durch 20 Minuten Laden"": ""254"", ""vehicle"": ""NIO EL8 Long Range Executive""}",50,410,254,664,,,
vw_id_3_77_kwh_facelift,50,VW ID.3 77 kWh Facelift,VW,ID.3 77 kWh Facelift,,https://www.adac.de/infogram/a194a8ff-52a8-41cb-bd33-e553c66f04f8/?parent_url=https%3A%2F%2Fwww.adac.de%2Frund-ums-fahrzeug%2Felektromobilitaet%2Fladen%2Fschnellladen-langstrecke-ladekurven-2026%2F&src=embed#async_embed,2026-05-19T08:51:23Z,VW ID.3 77 kWh Facelift 663 408 255,"{""Gesamt-Reichweite"": ""663"", ""Reichweite mit vollem Akku (10% Restenergie)"": ""408"", ""chart_switch"": """", ""gewonnene Reichweite durch 20 Minuten Laden"": ""255"", ""vehicle"": ""VW ID.3 77 kWh Facelift""}",51,408,255,663,,,
renault_scenic_e_tech_220,51,Renault Scenic E-Tech 220,Renault,Scenic E-Tech 220,,https://www.adac.de/infogram/a194a8ff-52a8-41cb-bd33-e553c66f04f8/?parent_url=https%3A%2F%2Fwww.adac.de%2Frund-ums-fahrzeug%2Felektromobilitaet%2Fladen%2Fschnellladen-langstrecke-ladekurven-2026%2F&src=embed#async_embed,2026-05-19T08:51:23Z,Renault Scenic E-Tech 220 656 441 215,"{""Gesamt-Reichweite"": ""656"", ""Reichweite mit vollem Akku (10% Restenergie)"": ""441"", ""chart_switch"": """", ""gewonnene Reichweite durch 20 Minuten Laden"": ""215"", ""vehicle"": ""Renault Scenic E-Tech 220""}",52,441,215,656,,,
skoda_enyaq_85x,52,Skoda Enyaq 85x,Skoda,Enyaq 85x,,https://www.adac.de/infogram/a194a8ff-52a8-41cb-bd33-e553c66f04f8/?parent_url=https%3A%2F%2Fwww.adac.de%2Frund-ums-fahrzeug%2Felektromobilitaet%2Fladen%2Fschnellladen-langstrecke-ladekurven-2026%2F&src=embed#async_embed,2026-05-19T08:51:23Z,Skoda Enyaq 85x 655 392 263,"{""Gesamt-Reichweite"": ""655"", ""Reichweite mit vollem Akku (10% Restenergie)"": ""392"", ""chart_switch"": """", ""gewonnene Reichweite durch 20 Minuten Laden"": ""263"", ""vehicle"": ""Skoda Enyaq 85x""}",53,392,263,655,,,
skoda_enyaq_coupe_rs_iv,53,Skoda Enyaq Coupe RS iV,Skoda,Enyaq Coupe RS iV,,https://www.adac.de/infogram/a194a8ff-52a8-41cb-bd33-e553c66f04f8/?parent_url=https%3A%2F%2Fwww.adac.de%2Frund-ums-fahrzeug%2Felektromobilitaet%2Fladen%2Fschnellladen-langstrecke-ladekurven-2026%2F&src=embed#async_embed,2026-05-19T08:51:23Z,Skoda Enyaq Coupe RS iV 647 407 240,"{""Gesamt-Reichweite"": ""647"", ""Reichweite mit vollem Akku (10% Restenergie)"": ""407"", ""chart_switch"": """", ""gewonnene Reichweite durch 20 Minuten Laden"": ""240"", ""vehicle"": ""Skoda Enyaq Coupe RS iV""}",54,407,240,647,,,
mazda_6e_takumi_plus,54,Mazda 6e Takumi Plus,Mazda,6e Takumi Plus,,https://www.adac.de/infogram/a194a8ff-52a8-41cb-bd33-e553c66f04f8/?parent_url=https%3A%2F%2Fwww.adac.de%2Frund-ums-fahrzeug%2Felektromobilitaet%2Fladen%2Fschnellladen-langstrecke-ladekurven-2026%2F&src=embed#async_embed,2026-05-19T08:51:23Z,Mazda 6e Takumi Plus 639 380 259,"{""Gesamt-Reichweite"": ""639"", ""Reichweite mit vollem Akku (10% Restenergie)"": ""380"", ""chart_switch"": """", ""gewonnene Reichweite durch 20 Minuten Laden"": ""259"", ""vehicle"": ""Mazda 6e Takumi Plus""}",55,380,259,639,,,
mg_mgs5_ev_long_range_luxury,55,MG MGS5 EV Long Range Luxury,MG,MGS5 EV Long Range Luxury,,https://www.adac.de/infogram/a194a8ff-52a8-41cb-bd33-e553c66f04f8/?parent_url=https%3A%2F%2Fwww.adac.de%2Frund-ums-fahrzeug%2Felektromobilitaet%2Fladen%2Fschnellladen-langstrecke-ladekurven-2026%2F&src=embed#async_embed,2026-05-19T08:51:23Z,MG MGS5 EV Long Range Luxury 630 376 254,"{""Gesamt-Reichweite"": ""630"", ""Reichweite mit vollem Akku (10% Restenergie)"": ""376"", ""chart_switch"": """", ""gewonnene Reichweite durch 20 Minuten Laden"": ""254"", ""vehicle"": ""MG MGS5 EV Long Range Luxury""}",56,376,254,630,,,
nio_et7_100_kwh,56,NIO ET7 100 kWh,NIO,ET7 100 kWh,,https://www.adac.de/infogram/a194a8ff-52a8-41cb-bd33-e553c66f04f8/?parent_url=https%3A%2F%2Fwww.adac.de%2Frund-ums-fahrzeug%2Felektromobilitaet%2Fladen%2Fschnellladen-langstrecke-ladekurven-2026%2F&src=embed#async_embed,2026-05-19T08:51:23Z,NIO ET7 100 kWh 626 439 187,"{""Gesamt-Reichweite"": ""626"", ""Reichweite mit vollem Akku (10% Restenergie)"": ""439"", ""chart_switch"": """", ""gewonnene Reichweite durch 20 Minuten Laden"": ""187"", ""vehicle"": ""NIO ET7 100 kWh""}",57,439,187,626,,,
audi_q4_45_e_tron_77_kwh,57,Audi Q4 45 e-tron 77 kWH,Audi,Q4 45 e-tron 77 kWH,,https://www.adac.de/infogram/a194a8ff-52a8-41cb-bd33-e553c66f04f8/?parent_url=https%3A%2F%2Fwww.adac.de%2Frund-ums-fahrzeug%2Felektromobilitaet%2Fladen%2Fschnellladen-langstrecke-ladekurven-2026%2F&src=embed#async_embed,2026-05-19T08:51:23Z,Audi Q4 45 e-tron 77 kWH 625 383 242,"{""Gesamt-Reichweite"": ""625"", ""Reichweite mit vollem Akku (10% Restenergie)"": ""383"", ""chart_switch"": """", ""gewonnene Reichweite durch 20 Minuten Laden"": ""242"", ""vehicle"": ""Audi Q4 45 e-tron 77 kWH""}",58,383,242,625,,,
peugeot_e_5008_210_gt_7_sitzer,58,Peugeot e-5008 210 GT (7-Sitzer),Peugeot,e-5008 210 GT (7-Sitzer),,https://www.adac.de/infogram/a194a8ff-52a8-41cb-bd33-e553c66f04f8/?parent_url=https%3A%2F%2Fwww.adac.de%2Frund-ums-fahrzeug%2Felektromobilitaet%2Fladen%2Fschnellladen-langstrecke-ladekurven-2026%2F&src=embed#async_embed,2026-05-19T08:51:23Z,Peugeot e-5008 210 GT (7-Sitzer) 624 396 228,"{""Gesamt-Reichweite"": ""624"", ""Reichweite mit vollem Akku (10% Restenergie)"": ""396"", ""chart_switch"": """", ""gewonnene Reichweite durch 20 Minuten Laden"": ""228"", ""vehicle"": ""Peugeot e-5008 210 GT (7-Sitzer)""}",59,396,228,624,,,
audi_e_tron_gt_quattro,59,Audi e-tron GT quattro,Audi,e-tron GT quattro,,https://www.adac.de/infogram/a194a8ff-52a8-41cb-bd33-e553c66f04f8/?parent_url=https%3A%2F%2Fwww.adac.de%2Frund-ums-fahrzeug%2Felektromobilitaet%2Fladen%2Fschnellladen-langstrecke-ladekurven-2026%2F&src=embed#async_embed,2026-05-19T08:51:23Z,Audi e-tron GT quattro 621 333 288,"{""Gesamt-Reichweite"": ""621"", ""Reichweite mit vollem Akku (10% Restenergie)"": ""333"", ""chart_switch"": """", ""gewonnene Reichweite durch 20 Minuten Laden"": ""288"", ""vehicle"": ""Audi e-tron GT quattro""}",60,333,288,621,,,
smart_3_premium,60,smart #3 Premium,Smart,#3 Premium,,https://www.adac.de/infogram/a194a8ff-52a8-41cb-bd33-e553c66f04f8/?parent_url=https%3A%2F%2Fwww.adac.de%2Frund-ums-fahrzeug%2Felektromobilitaet%2Fladen%2Fschnellladen-langstrecke-ladekurven-2026%2F&src=embed#async_embed,2026-05-19T08:51:23Z,smart #3 Premium 621 371 250,"{""Gesamt-Reichweite"": ""621"", ""Reichweite mit vollem Akku (10% Restenergie)"": ""371"", ""chart_switch"": """", ""gewonnene Reichweite durch 20 Minuten Laden"": ""250"", ""vehicle"": ""smart #3 Premium""}",61,371,250,621,,,
mg_4_extended_range,61,MG 4 Extended Range,MG,4 Extended Range,,https://www.adac.de/infogram/a194a8ff-52a8-41cb-bd33-e553c66f04f8/?parent_url=https%3A%2F%2Fwww.adac.de%2Frund-ums-fahrzeug%2Felektromobilitaet%2Fladen%2Fschnellladen-langstrecke-ladekurven-2026%2F&src=embed#async_embed,2026-05-19T08:51:23Z,MG 4 Extended Range 617 398 219,"{""Gesamt-Reichweite"": ""617"", ""Reichweite mit vollem Akku (10% Restenergie)"": ""398"", ""chart_switch"": """", ""gewonnene Reichweite durch 20 Minuten Laden"": ""219"", ""vehicle"": ""MG 4 Extended Range""}",62,398,219,617,,,
bmw_ix2_xdrive30,62,BMW iX2 xDrive30,BMW,iX2 xDrive30,,https://www.adac.de/infogram/a194a8ff-52a8-41cb-bd33-e553c66f04f8/?parent_url=https%3A%2F%2Fwww.adac.de%2Frund-ums-fahrzeug%2Felektromobilitaet%2Fladen%2Fschnellladen-langstrecke-ladekurven-2026%2F&src=embed#async_embed,2026-05-19T08:51:23Z,BMW iX2 xDrive30 615 377 238,"{""Gesamt-Reichweite"": ""615"", ""Reichweite mit vollem Akku (10% Restenergie)"": ""377"", ""chart_switch"": """", ""gewonnene Reichweite durch 20 Minuten Laden"": ""238"", ""vehicle"": ""BMW iX2 xDrive30""}",63,377,238,615,,,
hyundai_ioniq_5_n,63,Hyundai IONIQ 5 N,Hyundai,IONIQ 5 N,,https://www.adac.de/infogram/a194a8ff-52a8-41cb-bd33-e553c66f04f8/?parent_url=https%3A%2F%2Fwww.adac.de%2Frund-ums-fahrzeug%2Felektromobilitaet%2Fladen%2Fschnellladen-langstrecke-ladekurven-2026%2F&src=embed#async_embed,2026-05-19T08:51:23Z,Hyundai IONIQ 5 N 612 338 274,"{""Gesamt-Reichweite"": ""612"", ""Reichweite mit vollem Akku (10% Restenergie)"": ""338"", ""chart_switch"": """", ""gewonnene Reichweite durch 20 Minuten Laden"": ""274"", ""vehicle"": ""Hyundai IONIQ 5 N""}",64,338,274,612,,,
ford_mustang_mach_e_extended_range_rwd,64,Ford Mustang Mach-E Extended Range RWD,Ford,Mustang Mach-E Extended Range RWD,,https://www.adac.de/infogram/a194a8ff-52a8-41cb-bd33-e553c66f04f8/?parent_url=https%3A%2F%2Fwww.adac.de%2Frund-ums-fahrzeug%2Felektromobilitaet%2Fladen%2Fschnellladen-langstrecke-ladekurven-2026%2F&src=embed#async_embed,2026-05-19T08:51:23Z,Ford Mustang Mach-E Extended Range RWD 611 433 178,"{""Gesamt-Reichweite"": ""611"", ""Reichweite mit vollem Akku (10% Restenergie)"": ""433"", ""chart_switch"": """", ""gewonnene Reichweite durch 20 Minuten Laden"": ""178"", ""vehicle"": ""Ford Mustang Mach-E Extended Range RWD""}",65,433,178,611,,,
tesla_model_y_mr,65,Tesla Model Y MR,Tesla,Model Y MR,,https://www.adac.de/infogram/a194a8ff-52a8-41cb-bd33-e553c66f04f8/?parent_url=https%3A%2F%2Fwww.adac.de%2Frund-ums-fahrzeug%2Felektromobilitaet%2Fladen%2Fschnellladen-langstrecke-ladekurven-2026%2F&src=embed#async_embed,2026-05-19T08:51:23Z,Tesla Model Y MR 607 376 231,"{""Gesamt-Reichweite"": ""607"", ""Reichweite mit vollem Akku (10% Restenergie)"": ""376"", ""chart_switch"": """", ""gewonnene Reichweite durch 20 Minuten Laden"": ""231"", ""vehicle"": ""Tesla Model Y MR""}",66,376,231,607,,,
genesis_gv_60_awd,66,Genesis GV 60 AWD,Genesis,GV 60 AWD,,https://www.adac.de/infogram/a194a8ff-52a8-41cb-bd33-e553c66f04f8/?parent_url=https%3A%2F%2Fwww.adac.de%2Frund-ums-fahrzeug%2Felektromobilitaet%2Fladen%2Fschnellladen-langstrecke-ladekurven-2026%2F&src=embed#async_embed,2026-05-19T08:51:23Z,Genesis GV 60 AWD 604 330 274,"{""Gesamt-Reichweite"": ""604"", ""Reichweite mit vollem Akku (10% Restenergie)"": ""330"", ""chart_switch"": """", ""gewonnene Reichweite durch 20 Minuten Laden"": ""274"", ""vehicle"": ""Genesis GV 60 AWD""}",67,330,274,604,,,
mg_4_electric_luxury,67,MG 4 Electric Luxury,MG,4 Electric Luxury,,https://www.adac.de/infogram/a194a8ff-52a8-41cb-bd33-e553c66f04f8/?parent_url=https%3A%2F%2Fwww.adac.de%2Frund-ums-fahrzeug%2Felektromobilitaet%2Fladen%2Fschnellladen-langstrecke-ladekurven-2026%2F&src=embed#async_embed,2026-05-19T08:51:23Z,MG 4 Electric Luxury 603 353 250,"{""Gesamt-Reichweite"": ""603"", ""Reichweite mit vollem Akku (10% Restenergie)"": ""353"", ""chart_switch"": """", ""gewonnene Reichweite durch 20 Minuten Laden"": ""250"", ""vehicle"": ""MG 4 Electric Luxury""}",68,353,250,603,,,
peugeot_e_3008_210_gt,68,Peugeot e-3008 210 GT,Peugeot,e-3008 210 GT,,https://www.adac.de/infogram/a194a8ff-52a8-41cb-bd33-e553c66f04f8/?parent_url=https%3A%2F%2Fwww.adac.de%2Frund-ums-fahrzeug%2Felektromobilitaet%2Fladen%2Fschnellladen-langstrecke-ladekurven-2026%2F&src=embed#async_embed,2026-05-19T08:51:23Z,Peugeot e-3008 210 GT 603 396 207,"{""Gesamt-Reichweite"": ""603"", ""Reichweite mit vollem Akku (10% Restenergie)"": ""396"", ""chart_switch"": """", ""gewonnene Reichweite durch 20 Minuten Laden"": ""207"", ""vehicle"": ""Peugeot e-3008 210 GT""}",69,396,207,603,,,
smart_1_premium,69,smart #1 Premium,Smart,#1 Premium,,https://www.adac.de/infogram/a194a8ff-52a8-41cb-bd33-e553c66f04f8/?parent_url=https%3A%2F%2Fwww.adac.de%2Frund-ums-fahrzeug%2Felektromobilitaet%2Fladen%2Fschnellladen-langstrecke-ladekurven-2026%2F&src=embed#async_embed,2026-05-19T08:51:23Z,smart #1 Premium 598 363 235,"{""Gesamt-Reichweite"": ""598"", ""Reichweite mit vollem Akku (10% Restenergie)"": ""363"", ""chart_switch"": """", ""gewonnene Reichweite durch 20 Minuten Laden"": ""235"", ""vehicle"": ""smart #1 Premium""}",70,363,235,598,,,
genesis_gv70_electrified,70,Genesis GV70 Electrified,Genesis,GV70 Electrified,,https://www.adac.de/infogram/a194a8ff-52a8-41cb-bd33-e553c66f04f8/?parent_url=https%3A%2F%2Fwww.adac.de%2Frund-ums-fahrzeug%2Felektromobilitaet%2Fladen%2Fschnellladen-langstrecke-ladekurven-2026%2F&src=embed#async_embed,2026-05-19T08:51:23Z,Genesis GV70 Electrified 597 342 255,"{""Gesamt-Reichweite"": ""597"", ""Reichweite mit vollem Akku (10% Restenergie)"": ""342"", ""chart_switch"": """", ""gewonnene Reichweite durch 20 Minuten Laden"": ""255"", ""vehicle"": ""Genesis GV70 Electrified""}",71,342,255,597,,,
toyota_bz4x,71,Toyota bZ4X,Toyota,bZ4X,,https://www.adac.de/infogram/a194a8ff-52a8-41cb-bd33-e553c66f04f8/?parent_url=https%3A%2F%2Fwww.adac.de%2Frund-ums-fahrzeug%2Felektromobilitaet%2Fladen%2Fschnellladen-langstrecke-ladekurven-2026%2F&src=embed#async_embed,2026-05-19T08:51:23Z,Toyota bZ4X 595 371 224,"{""Gesamt-Reichweite"": ""595"", ""Reichweite mit vollem Akku (10% Restenergie)"": ""371"", ""chart_switch"": """", ""gewonnene Reichweite durch 20 Minuten Laden"": ""224"", ""vehicle"": ""Toyota bZ4X""}",72,371,224,595,,,
bmw_ix3,72,BMW iX3,BMW,iX3,,https://www.adac.de/infogram/a194a8ff-52a8-41cb-bd33-e553c66f04f8/?parent_url=https%3A%2F%2Fwww.adac.de%2Frund-ums-fahrzeug%2Felektromobilitaet%2Fladen%2Fschnellladen-langstrecke-ladekurven-2026%2F&src=embed#async_embed,2026-05-19T08:51:23Z,BMW iX3 594 362 232,"{""Gesamt-Reichweite"": ""594"", ""Reichweite mit vollem Akku (10% Restenergie)"": ""362"", ""chart_switch"": """", ""gewonnene Reichweite durch 20 Minuten Laden"": ""232"", ""vehicle"": ""BMW iX3""}",73,362,232,594,,,
vw_id_5_pro_performance,73,VW ID.5 Pro Performance,VW,ID.5 Pro Performance,,https://www.adac.de/infogram/a194a8ff-52a8-41cb-bd33-e553c66f04f8/?parent_url=https%3A%2F%2Fwww.adac.de%2Frund-ums-fahrzeug%2Felektromobilitaet%2Fladen%2Fschnellladen-langstrecke-ladekurven-2026%2F&src=embed#async_embed,2026-05-19T08:51:23Z,VW ID.5 Pro Performance 592 364 228,"{""Gesamt-Reichweite"": ""592"", ""Reichweite mit vollem Akku (10% Restenergie)"": ""364"", ""chart_switch"": """", ""gewonnene Reichweite durch 20 Minuten Laden"": ""228"", ""vehicle"": ""VW ID.5 Pro Performance""}",74,364,228,592,,,
vw_id_buzz_lang_pro,74,VW ID.Buzz lang Pro,VW,ID.Buzz lang Pro,,https://www.adac.de/infogram/a194a8ff-52a8-41cb-bd33-e553c66f04f8/?parent_url=https%3A%2F%2Fwww.adac.de%2Frund-ums-fahrzeug%2Felektromobilitaet%2Fladen%2Fschnellladen-langstrecke-ladekurven-2026%2F&src=embed#async_embed,2026-05-19T08:51:23Z,VW ID.Buzz lang Pro 591 365 226,"{""Gesamt-Reichweite"": ""591"", ""Reichweite mit vollem Akku (10% Restenergie)"": ""365"", ""chart_switch"": """", ""gewonnene Reichweite durch 20 Minuten Laden"": ""226"", ""vehicle"": ""VW ID.Buzz lang Pro""}",75,365,226,591,,,
volvo_c40_recharge_sm_67_kwh,75,Volvo C40 Recharge SM 67 kWh,Volvo,C40 Recharge SM 67 kWh,,https://www.adac.de/infogram/a194a8ff-52a8-41cb-bd33-e553c66f04f8/?parent_url=https%3A%2F%2Fwww.adac.de%2Frund-ums-fahrzeug%2Felektromobilitaet%2Fladen%2Fschnellladen-langstrecke-ladekurven-2026%2F&src=embed#async_embed,2026-05-19T08:51:23Z,Volvo C40 Recharge SM 67 kWh 589 373 216,"{""Gesamt-Reichweite"": ""589"", ""Reichweite mit vollem Akku (10% Restenergie)"": ""373"", ""chart_switch"": """", ""gewonnene Reichweite durch 20 Minuten Laden"": ""216"", ""vehicle"": ""Volvo C40 Recharge SM 67 kWh""}",76,373,216,589,,,
tesla_model_3,76,Tesla Model 3,Tesla,Model 3,,https://www.adac.de/infogram/a194a8ff-52a8-41cb-bd33-e553c66f04f8/?parent_url=https%3A%2F%2Fwww.adac.de%2Frund-ums-fahrzeug%2Felektromobilitaet%2Fladen%2Fschnellladen-langstrecke-ladekurven-2026%2F&src=embed#async_embed,2026-05-19T08:51:23Z,Tesla Model 3 580 358 222,"{""Gesamt-Reichweite"": ""580"", ""Reichweite mit vollem Akku (10% Restenergie)"": ""358"", ""chart_switch"": """", ""gewonnene Reichweite durch 20 Minuten Laden"": ""222"", ""vehicle"": ""Tesla Model 3""}",77,358,222,580,,,
ford_mustang_mach_e_extended,77,Ford Mustang Mach-E Extended,Ford,Mustang Mach-E Extended,,https://www.adac.de/infogram/a194a8ff-52a8-41cb-bd33-e553c66f04f8/?parent_url=https%3A%2F%2Fwww.adac.de%2Frund-ums-fahrzeug%2Felektromobilitaet%2Fladen%2Fschnellladen-langstrecke-ladekurven-2026%2F&src=embed#async_embed,2026-05-19T08:51:23Z,Ford Mustang Mach-E Extended 580 405 175,"{""Gesamt-Reichweite"": ""580"", ""Reichweite mit vollem Akku (10% Restenergie)"": ""405"", ""chart_switch"": """", ""gewonnene Reichweite durch 20 Minuten Laden"": ""175"", ""vehicle"": ""Ford Mustang Mach-E Extended""}",78,405,175,580,,,
kia_ev6_58_kwh,78,KIA EV6 58 kWh,Kia,EV6 58 kWh,,https://www.adac.de/infogram/a194a8ff-52a8-41cb-bd33-e553c66f04f8/?parent_url=https%3A%2F%2Fwww.adac.de%2Frund-ums-fahrzeug%2Felektromobilitaet%2Fladen%2Fschnellladen-langstrecke-ladekurven-2026%2F&src=embed#async_embed,2026-05-19T08:51:23Z,KIA EV6 58 kWh 576 318 258,"{""Gesamt-Reichweite"": ""576"", ""Reichweite mit vollem Akku (10% Restenergie)"": ""318"", ""chart_switch"": """", ""gewonnene Reichweite durch 20 Minuten Laden"": ""258"", ""vehicle"": ""KIA EV6 58 kWh""}",79,318,258,576,,,
byd_seal_u,79,BYD Seal U,BYD,Seal U,,https://www.adac.de/infogram/a194a8ff-52a8-41cb-bd33-e553c66f04f8/?parent_url=https%3A%2F%2Fwww.adac.de%2Frund-ums-fahrzeug%2Felektromobilitaet%2Fladen%2Fschnellladen-langstrecke-ladekurven-2026%2F&src=embed#async_embed,2026-05-19T08:51:23Z,BYD Seal U 572 386 186,"{""Gesamt-Reichweite"": ""572"", ""Reichweite mit vollem Akku (10% Restenergie)"": ""386"", ""chart_switch"": """", ""gewonnene Reichweite durch 20 Minuten Laden"": ""186"", ""vehicle"": ""BYD Seal U""}",80,386,186,572,,,
volvo_ex30_awd,80,Volvo EX30 AWD,Volvo,EX30 AWD,,https://www.adac.de/infogram/a194a8ff-52a8-41cb-bd33-e553c66f04f8/?parent_url=https%3A%2F%2Fwww.adac.de%2Frund-ums-fahrzeug%2Felektromobilitaet%2Fladen%2Fschnellladen-langstrecke-ladekurven-2026%2F&src=embed#async_embed,2026-05-19T08:51:23Z,Volvo EX30 AWD 572 352 220,"{""Gesamt-Reichweite"": ""572"", ""Reichweite mit vollem Akku (10% Restenergie)"": ""352"", ""chart_switch"": """", ""gewonnene Reichweite durch 20 Minuten Laden"": ""220"", ""vehicle"": ""Volvo EX30 AWD""}",81,352,220,572,,,
polestar_2_lr_dm_78_kwh,81,Polestar 2 LR DM 78 kWh,Polestar,2 LR DM 78 kWh,,https://www.adac.de/infogram/a194a8ff-52a8-41cb-bd33-e553c66f04f8/?parent_url=https%3A%2F%2Fwww.adac.de%2Frund-ums-fahrzeug%2Felektromobilitaet%2Fladen%2Fschnellladen-langstrecke-ladekurven-2026%2F&src=embed#async_embed,2026-05-19T08:51:23Z,Polestar 2 LR DM 78 kWh 570 357 213,"{""Gesamt-Reichweite"": ""570"", ""Reichweite mit vollem Akku (10% Restenergie)"": ""357"", ""chart_switch"": """", ""gewonnene Reichweite durch 20 Minuten Laden"": ""213"", ""vehicle"": ""Polestar 2 LR DM 78 kWh""}",82,357,213,570,,,
hyundai_kona_elektro_65_4_kwh,82,"Hyundai Kona Elektro 65,4 kWh",Hyundai,"Kona Elektro 65,4 kWh",,https://www.adac.de/infogram/a194a8ff-52a8-41cb-bd33-e553c66f04f8/?parent_url=https%3A%2F%2Fwww.adac.de%2Frund-ums-fahrzeug%2Felektromobilitaet%2Fladen%2Fschnellladen-langstrecke-ladekurven-2026%2F&src=embed#async_embed,2026-05-19T08:51:23Z,"Hyundai Kona Elektro 65,4 kWh 569 371 198","{""Gesamt-Reichweite"": ""569"", ""Reichweite mit vollem Akku (10% Restenergie)"": ""371"", ""chart_switch"": """", ""gewonnene Reichweite durch 20 Minuten Laden"": ""198"", ""vehicle"": ""Hyundai Kona Elektro 65,4 kWh""}",83,371,198,569,,,
nio_el7_100_kwh,83,NIO EL7 100 kWh,NIO,EL7 100 kWh,,https://www.adac.de/infogram/a194a8ff-52a8-41cb-bd33-e553c66f04f8/?parent_url=https%3A%2F%2Fwww.adac.de%2Frund-ums-fahrzeug%2Felektromobilitaet%2Fladen%2Fschnellladen-langstrecke-ladekurven-2026%2F&src=embed#async_embed,2026-05-19T08:51:23Z,NIO EL7 100 kWh 568 381 187,"{""Gesamt-Reichweite"": ""568"", ""Reichweite mit vollem Akku (10% Restenergie)"": ""381"", ""chart_switch"": """", ""gewonnene Reichweite durch 20 Minuten Laden"": ""187"", ""vehicle"": ""NIO EL7 100 kWh""}",84,381,187,568,,,
vw_id_buzz,84,VW ID.Buzz,VW,ID.Buzz,,https://www.adac.de/infogram/a194a8ff-52a8-41cb-bd33-e553c66f04f8/?parent_url=https%3A%2F%2Fwww.adac.de%2Frund-ums-fahrzeug%2Felektromobilitaet%2Fladen%2Fschnellladen-langstrecke-ladekurven-2026%2F&src=embed#async_embed,2026-05-19T08:51:23Z,VW ID.Buzz 567 351 216,"{""Gesamt-Reichweite"": ""567"", ""Reichweite mit vollem Akku (10% Restenergie)"": ""351"", ""chart_switch"": """", ""gewonnene Reichweite durch 20 Minuten Laden"": ""216"", ""vehicle"": ""VW ID.Buzz""}",85,351,216,567,,,
bmw_ix1_xdrive30,85,BMW iX1 xDrive30,BMW,iX1 xDrive30,,https://www.adac.de/infogram/a194a8ff-52a8-41cb-bd33-e553c66f04f8/?parent_url=https%3A%2F%2Fwww.adac.de%2Frund-ums-fahrzeug%2Felektromobilitaet%2Fladen%2Fschnellladen-langstrecke-ladekurven-2026%2F&src=embed#async_embed,2026-05-19T08:51:23Z,BMW iX1 xDrive30 559 339 220,"{""Gesamt-Reichweite"": ""559"", ""Reichweite mit vollem Akku (10% Restenergie)"": ""339"", ""chart_switch"": """", ""gewonnene Reichweite durch 20 Minuten Laden"": ""220"", ""vehicle"": ""BMW iX1 xDrive30""}",86,339,220,559,,,
smart_1_pro_plus,86,Smart #1 Pro Plus,Smart,#1 Pro Plus,,https://www.adac.de/infogram/a194a8ff-52a8-41cb-bd33-e553c66f04f8/?parent_url=https%3A%2F%2Fwww.adac.de%2Frund-ums-fahrzeug%2Felektromobilitaet%2Fladen%2Fschnellladen-langstrecke-ladekurven-2026%2F&src=embed#async_embed,2026-05-19T08:51:23Z,Smart #1 Pro Plus 555 332 223,"{""Gesamt-Reichweite"": ""555"", ""Reichweite mit vollem Akku (10% Restenergie)"": ""332"", ""chart_switch"": """", ""gewonnene Reichweite durch 20 Minuten Laden"": ""223"", ""vehicle"": ""Smart #1 Pro Plus""}",87,332,223,555,,,
kia_ev3_58_3_kwh_earth,87,"KIA EV3 58,3 kWh Earth",Kia,"EV3 58,3 kWh Earth",,https://www.adac.de/infogram/a194a8ff-52a8-41cb-bd33-e553c66f04f8/?parent_url=https%3A%2F%2Fwww.adac.de%2Frund-ums-fahrzeug%2Felektromobilitaet%2Fladen%2Fschnellladen-langstrecke-ladekurven-2026%2F&src=embed#async_embed,2026-05-19T08:51:23Z,"KIA EV3 58,3 kWh Earth 550 346 204","{""Gesamt-Reichweite"": ""550"", ""Reichweite mit vollem Akku (10% Restenergie)"": ""346"", ""chart_switch"": """", ""gewonnene Reichweite durch 20 Minuten Laden"": ""204"", ""vehicle"": ""KIA EV3 58,3 kWh Earth""}",88,346,204,550,,,
byd_seal_rwd,88,BYD Seal RWD,BYD,Seal RWD,,https://www.adac.de/infogram/a194a8ff-52a8-41cb-bd33-e553c66f04f8/?parent_url=https%3A%2F%2Fwww.adac.de%2Frund-ums-fahrzeug%2Felektromobilitaet%2Fladen%2Fschnellladen-langstrecke-ladekurven-2026%2F&src=embed#async_embed,2026-05-19T08:51:23Z,BYD Seal RWD 541 364 177,"{""Gesamt-Reichweite"": ""541"", ""Reichweite mit vollem Akku (10% Restenergie)"": ""364"", ""chart_switch"": """", ""gewonnene Reichweite durch 20 Minuten Laden"": ""177"", ""vehicle"": ""BYD Seal RWD""}",89,364,177,541,,,
volvo_ex30_twin_motor_performance_cross_country_ultra_awd,89,Volvo EX30 Twin Motor Performance Cross Country Ultra AWD,Volvo,EX30 Twin Motor Performance Cross Country Ultra AWD,,https://www.adac.de/infogram/a194a8ff-52a8-41cb-bd33-e553c66f04f8/?parent_url=https%3A%2F%2Fwww.adac.de%2Frund-ums-fahrzeug%2Felektromobilitaet%2Fladen%2Fschnellladen-langstrecke-ladekurven-2026%2F&src=embed#async_embed,2026-05-19T08:51:23Z,Volvo EX30 Twin Motor Performance Cross Country Ultra AWD 535 330 205,"{""Gesamt-Reichweite"": ""535"", ""Reichweite mit vollem Akku (10% Restenergie)"": ""330"", ""chart_switch"": """", ""gewonnene Reichweite durch 20 Minuten Laden"": ""205"", ""vehicle"": ""Volvo EX30 Twin Motor Performance Cross Country Ultra AWD""}",90,330,205,535,,,
volvo_ex30_sm_er,90,Volvo EX30 SM ER,Volvo,EX30 SM ER,,https://www.adac.de/infogram/a194a8ff-52a8-41cb-bd33-e553c66f04f8/?parent_url=https%3A%2F%2Fwww.adac.de%2Frund-ums-fahrzeug%2Felektromobilitaet%2Fladen%2Fschnellladen-langstrecke-ladekurven-2026%2F&src=embed#async_embed,2026-05-19T08:51:23Z,Volvo EX30 SM ER 534 328 206,"{""Gesamt-Reichweite"": ""534"", ""Reichweite mit vollem Akku (10% Restenergie)"": ""328"", ""chart_switch"": """", ""gewonnene Reichweite durch 20 Minuten Laden"": ""206"", ""vehicle"": ""Volvo EX30 SM ER""}",91,328,206,534,,,
peugeot_e_208_156,91,Peugeot e-208 156,Peugeot,e-208 156,,https://www.adac.de/infogram/a194a8ff-52a8-41cb-bd33-e553c66f04f8/?parent_url=https%3A%2F%2Fwww.adac.de%2Frund-ums-fahrzeug%2Felektromobilitaet%2Fladen%2Fschnellladen-langstrecke-ladekurven-2026%2F&src=embed#async_embed,2026-05-19T08:51:23Z,Peugeot e-208 156 532 324 208,"{""Gesamt-Reichweite"": ""532"", ""Reichweite mit vollem Akku (10% Restenergie)"": ""324"", ""chart_switch"": """", ""gewonnene Reichweite durch 20 Minuten Laden"": ""208"", ""vehicle"": ""Peugeot e-208 156""}",92,324,208,532,,,
mini_aceman_se_favoured_trim,92,MINI Aceman SE Favoured Trim,MINI,Aceman SE Favoured Trim,,https://www.adac.de/infogram/a194a8ff-52a8-41cb-bd33-e553c66f04f8/?parent_url=https%3A%2F%2Fwww.adac.de%2Frund-ums-fahrzeug%2Felektromobilitaet%2Fladen%2Fschnellladen-langstrecke-ladekurven-2026%2F&src=embed#async_embed,2026-05-19T08:51:23Z,MINI Aceman SE Favoured Trim 517 332 185,"{""Gesamt-Reichweite"": ""517"", ""Reichweite mit vollem Akku (10% Restenergie)"": ""332"", ""chart_switch"": """", ""gewonnene Reichweite durch 20 Minuten Laden"": ""185"", ""vehicle"": ""MINI Aceman SE Favoured Trim""}",93,332,185,517,,,
kia_niro_ev_64_8_kwh,93,"Kia Niro EV 64,8 kWh",Kia,"Niro EV 64,8 kWh",,https://www.adac.de/infogram/a194a8ff-52a8-41cb-bd33-e553c66f04f8/?parent_url=https%3A%2F%2Fwww.adac.de%2Frund-ums-fahrzeug%2Felektromobilitaet%2Fladen%2Fschnellladen-langstrecke-ladekurven-2026%2F&src=embed#async_embed,2026-05-19T08:51:23Z,"Kia Niro EV 64,8 kWh 514 372 142","{""Gesamt-Reichweite"": ""514"", ""Reichweite mit vollem Akku (10% Restenergie)"": ""372"", ""chart_switch"": """", ""gewonnene Reichweite durch 20 Minuten Laden"": ""142"", ""vehicle"": ""Kia Niro EV 64,8 kWh""}",94,372,142,514,,,
opel_astra_elekctric_gs,94,Opel Astra Elekctric GS,Opel,Astra Elekctric GS,,https://www.adac.de/infogram/a194a8ff-52a8-41cb-bd33-e553c66f04f8/?parent_url=https%3A%2F%2Fwww.adac.de%2Frund-ums-fahrzeug%2Felektromobilitaet%2Fladen%2Fschnellladen-langstrecke-ladekurven-2026%2F&src=embed#async_embed,2026-05-19T08:51:23Z,Opel Astra Elekctric GS 513 316 197,"{""Gesamt-Reichweite"": ""513"", ""Reichweite mit vollem Akku (10% Restenergie)"": ""316"", ""chart_switch"": """", ""gewonnene Reichweite durch 20 Minuten Laden"": ""197"", ""vehicle"": ""Opel Astra Elekctric GS""}",95,316,197,513,,,
mercedes_benz_eqb_350,95,Mercedes-Benz EQB 350,Mercedes-Benz,EQB 350,,https://www.adac.de/infogram/a194a8ff-52a8-41cb-bd33-e553c66f04f8/?parent_url=https%3A%2F%2Fwww.adac.de%2Frund-ums-fahrzeug%2Felektromobilitaet%2Fladen%2Fschnellladen-langstrecke-ladekurven-2026%2F&src=embed#async_embed,2026-05-19T08:51:23Z,Mercedes-Benz EQB 350 509 325 184,"{""Gesamt-Reichweite"": ""509"", ""Reichweite mit vollem Akku (10% Restenergie)"": ""325"", ""chart_switch"": """", ""gewonnene Reichweite durch 20 Minuten Laden"": ""184"", ""vehicle"": ""Mercedes-Benz EQB 350""}",96,325,184,509,,,
peugeot_e_308_156,96,Peugeot e-308 156,Peugeot,e-308 156,,https://www.adac.de/infogram/a194a8ff-52a8-41cb-bd33-e553c66f04f8/?parent_url=https%3A%2F%2Fwww.adac.de%2Frund-ums-fahrzeug%2Felektromobilitaet%2Fladen%2Fschnellladen-langstrecke-ladekurven-2026%2F&src=embed#async_embed,2026-05-19T08:51:23Z,Peugeot e-308 156 505 311 194,"{""Gesamt-Reichweite"": ""505"", ""Reichweite mit vollem Akku (10% Restenergie)"": ""311"", ""chart_switch"": """", ""gewonnene Reichweite durch 20 Minuten Laden"": ""194"", ""vehicle"": ""Peugeot e-308 156""}",97,311,194,505,,,
subaru_solterra,97,Subaru Solterra,Subaru,Solterra,,https://www.adac.de/infogram/a194a8ff-52a8-41cb-bd33-e553c66f04f8/?parent_url=https%3A%2F%2Fwww.adac.de%2Frund-ums-fahrzeug%2Felektromobilitaet%2Fladen%2Fschnellladen-langstrecke-ladekurven-2026%2F&src=embed#async_embed,2026-05-19T08:51:23Z,Subaru Solterra 504 318 186,"{""Gesamt-Reichweite"": ""504"", ""Reichweite mit vollem Akku (10% Restenergie)"": ""318"", ""chart_switch"": """", ""gewonnene Reichweite durch 20 Minuten Laden"": ""186"", ""vehicle"": ""Subaru Solterra""}",98,318,186,504,,,
renault_r5_e_tech_electric_150_comfort_range_techno,98,Renault R5 E-Tech Electric 150 Comfort Range Techno,Renault,R5 E-Tech Electric 150 Comfort Range Techno,,https://www.adac.de/infogram/a194a8ff-52a8-41cb-bd33-e553c66f04f8/?parent_url=https%3A%2F%2Fwww.adac.de%2Frund-ums-fahrzeug%2Felektromobilitaet%2Fladen%2Fschnellladen-langstrecke-ladekurven-2026%2F&src=embed#async_embed,2026-05-19T08:51:23Z,Renault R5 E-Tech Electric 150 Comfort Range Techno 504 311 193,"{""Gesamt-Reichweite"": ""504"", ""Reichweite mit vollem Akku (10% Restenergie)"": ""311"", ""chart_switch"": """", ""gewonnene Reichweite durch 20 Minuten Laden"": ""193"", ""vehicle"": ""Renault R5 E-Tech Electric 150 Comfort Range Techno""}",99,311,193,504,,,
mercedes_benz_eqa_250,99,Mercedes-Benz EQA 250,Mercedes-Benz,EQA 250,,https://www.adac.de/infogram/a194a8ff-52a8-41cb-bd33-e553c66f04f8/?parent_url=https%3A%2F%2Fwww.adac.de%2Frund-ums-fahrzeug%2Felektromobilitaet%2Fladen%2Fschnellladen-langstrecke-ladekurven-2026%2F&src=embed#async_embed,2026-05-19T08:51:23Z,Mercedes-Benz EQA 250 502 315 187,"{""Gesamt-Reichweite"": ""502"", ""Reichweite mit vollem Akku (10% Restenergie)"": ""315"", ""chart_switch"": """", ""gewonnene Reichweite durch 20 Minuten Laden"": ""187"", ""vehicle"": ""Mercedes-Benz EQA 250""}",100,315,187,502,,,
