vehicle_id,display_name,point_index,soc_percent,charging_power_kw,svg_cx,svg_cy,svg_x_transformed,svg_y_transformed,aria_label,source_type,extraction_timestamp_utc
mercedes_benz_cla_coupe_250_eq_progressive,Mercedes-Benz CLA Coupe 250+ EQ Progressive,0,10.0,296.2,4.316901408450704,6.0,63.316901408450704,24.0,"Mercedes-Benz CLA Coupe 250+ EQ Progressive: 10: 296,2",svg_aria,2026-05-19T08:53:35Z
mercedes_benz_cla_coupe_250_eq_progressive,Mercedes-Benz CLA Coupe 250+ EQ Progressive,1,11.0,296.0,12.950704225352112,6.0,71.95070422535211,24.0,"Mercedes-Benz CLA Coupe 250+ EQ Progressive: 11: 296,0",svg_aria,2026-05-19T08:53:35Z
mercedes_benz_cla_coupe_250_eq_progressive,Mercedes-Benz CLA Coupe 250+ EQ Progressive,2,12.0,296.0,21.58450704225352,6.0,80.58450704225352,24.0,"Mercedes-Benz CLA Coupe 250+ EQ Progressive: 12: 296,0",svg_aria,2026-05-19T08:53:35Z
mercedes_benz_cla_coupe_250_eq_progressive,Mercedes-Benz CLA Coupe 250+ EQ Progressive,3,13.0,296.0,30.218309859154928,6.0,89.21830985915493,24.0,"Mercedes-Benz CLA Coupe 250+ EQ Progressive: 13: 296,0",svg_aria,2026-05-19T08:53:35Z
mercedes_benz_cla_coupe_250_eq_progressive,Mercedes-Benz CLA Coupe 250+ EQ Progressive,4,14.0,296.0,38.852112676056336,6.0,97.85211267605634,24.0,"Mercedes-Benz CLA Coupe 250+ EQ Progressive: 14: 296,0",svg_aria,2026-05-19T08:53:35Z
mercedes_benz_cla_coupe_250_eq_progressive,Mercedes-Benz CLA Coupe 250+ EQ Progressive,5,15.0,296.0,47.485915492957744,6.0,106.48591549295774,24.0,"Mercedes-Benz CLA Coupe 250+ EQ Progressive: 15: 296,0",svg_aria,2026-05-19T08:53:35Z
mercedes_benz_cla_coupe_250_eq_progressive,Mercedes-Benz CLA Coupe 250+ EQ Progressive,6,16.0,293.6,56.11971830985915,9.0,115.11971830985915,27.0,"Mercedes-Benz CLA Coupe 250+ EQ Progressive: 16: 293,6",svg_aria,2026-05-19T08:53:35Z
mercedes_benz_cla_coupe_250_eq_progressive,Mercedes-Benz CLA Coupe 250+ EQ Progressive,7,17.0,291.7,64.75352112676056,12.0,123.75352112676056,30.0,"Mercedes-Benz CLA Coupe 250+ EQ Progressive: 17: 291,7",svg_aria,2026-05-19T08:53:35Z
mercedes_benz_cla_coupe_250_eq_progressive,Mercedes-Benz CLA Coupe 250+ EQ Progressive,8,18.0,288.9,73.38732394366197,16.0,132.38732394366195,34.0,"Mercedes-Benz CLA Coupe 250+ EQ Progressive: 18: 288,9",svg_aria,2026-05-19T08:53:35Z
mercedes_benz_cla_coupe_250_eq_progressive,Mercedes-Benz CLA Coupe 250+ EQ Progressive,9,19.0,286.2,82.02112676056338,20.0,141.0211267605634,38.0,"Mercedes-Benz CLA Coupe 250+ EQ Progressive: 19: 286,2",svg_aria,2026-05-19T08:53:35Z
mercedes_benz_cla_coupe_250_eq_progressive,Mercedes-Benz CLA Coupe 250+ EQ Progressive,10,20.0,283.2,90.65492957746478,25.0,149.65492957746477,43.0,"Mercedes-Benz CLA Coupe 250+ EQ Progressive: 20: 283,2",svg_aria,2026-05-19T08:53:35Z
mercedes_benz_cla_coupe_250_eq_progressive,Mercedes-Benz CLA Coupe 250+ EQ Progressive,11,21.0,279.9,99.28873239436619,29.0,158.2887323943662,47.0,"Mercedes-Benz CLA Coupe 250+ EQ Progressive: 21: 279,9",svg_aria,2026-05-19T08:53:35Z
mercedes_benz_cla_coupe_250_eq_progressive,Mercedes-Benz CLA Coupe 250+ EQ Progressive,12,22.0,276.5,107.9225352112676,34.0,166.9225352112676,52.0,"Mercedes-Benz CLA Coupe 250+ EQ Progressive: 22: 276,5",svg_aria,2026-05-19T08:53:35Z
mercedes_benz_cla_coupe_250_eq_progressive,Mercedes-Benz CLA Coupe 250+ EQ Progressive,13,23.0,272.5,116.55633802816901,40.0,175.55633802816902,58.0,"Mercedes-Benz CLA Coupe 250+ EQ Progressive: 23: 272,5",svg_aria,2026-05-19T08:53:35Z
mercedes_benz_cla_coupe_250_eq_progressive,Mercedes-Benz CLA Coupe 250+ EQ Progressive,14,24.0,268.5,125.19014084507042,46.0,184.1901408450704,64.0,"Mercedes-Benz CLA Coupe 250+ EQ Progressive: 24: 268,5",svg_aria,2026-05-19T08:53:35Z
mercedes_benz_cla_coupe_250_eq_progressive,Mercedes-Benz CLA Coupe 250+ EQ Progressive,15,25.0,266.2,133.82394366197184,49.0,192.82394366197184,67.0,"Mercedes-Benz CLA Coupe 250+ EQ Progressive: 25: 266,2",svg_aria,2026-05-19T08:53:35Z
mercedes_benz_cla_coupe_250_eq_progressive,Mercedes-Benz CLA Coupe 250+ EQ Progressive,16,26.0,266.2,142.45774647887322,49.0,201.45774647887322,67.0,"Mercedes-Benz CLA Coupe 250+ EQ Progressive: 26: 266,2",svg_aria,2026-05-19T08:53:35Z
mercedes_benz_cla_coupe_250_eq_progressive,Mercedes-Benz CLA Coupe 250+ EQ Progressive,17,27.0,265.9,151.09154929577466,50.0,210.09154929577466,68.0,"Mercedes-Benz CLA Coupe 250+ EQ Progressive: 27: 265,9",svg_aria,2026-05-19T08:53:35Z
mercedes_benz_cla_coupe_250_eq_progressive,Mercedes-Benz CLA Coupe 250+ EQ Progressive,18,28.0,265.8,159.72535211267603,50.0,218.72535211267603,68.0,"Mercedes-Benz CLA Coupe 250+ EQ Progressive: 28: 265,8",svg_aria,2026-05-19T08:53:35Z
mercedes_benz_cla_coupe_250_eq_progressive,Mercedes-Benz CLA Coupe 250+ EQ Progressive,19,29.0,265.3,168.35915492957747,51.0,227.35915492957747,69.0,"Mercedes-Benz CLA Coupe 250+ EQ Progressive: 29: 265,3",svg_aria,2026-05-19T08:53:35Z
mercedes_benz_cla_coupe_250_eq_progressive,Mercedes-Benz CLA Coupe 250+ EQ Progressive,20,30.0,264.0,176.99295774647885,53.0,235.99295774647885,71.0,"Mercedes-Benz CLA Coupe 250+ EQ Progressive: 30: 264,0",svg_aria,2026-05-19T08:53:35Z
mercedes_benz_cla_coupe_250_eq_progressive,Mercedes-Benz CLA Coupe 250+ EQ Progressive,21,31.0,260.6,185.6267605633803,58.0,244.6267605633803,76.0,"Mercedes-Benz CLA Coupe 250+ EQ Progressive: 31: 260,6",svg_aria,2026-05-19T08:53:35Z
mercedes_benz_cla_coupe_250_eq_progressive,Mercedes-Benz CLA Coupe 250+ EQ Progressive,22,32.0,257.7,194.26056338028167,62.0,253.26056338028167,80.0,"Mercedes-Benz CLA Coupe 250+ EQ Progressive: 32: 257,7",svg_aria,2026-05-19T08:53:35Z
mercedes_benz_cla_coupe_250_eq_progressive,Mercedes-Benz CLA Coupe 250+ EQ Progressive,23,33.0,254.5,202.8943661971831,66.0,261.8943661971831,84.0,"Mercedes-Benz CLA Coupe 250+ EQ Progressive: 33: 254,5",svg_aria,2026-05-19T08:53:35Z
mercedes_benz_cla_coupe_250_eq_progressive,Mercedes-Benz CLA Coupe 250+ EQ Progressive,24,34.0,248.9,211.52816901408448,75.0,270.5281690140845,93.0,"Mercedes-Benz CLA Coupe 250+ EQ Progressive: 34: 248,9",svg_aria,2026-05-19T08:53:35Z
mercedes_benz_cla_coupe_250_eq_progressive,Mercedes-Benz CLA Coupe 250+ EQ Progressive,25,35.0,243.6,220.16197183098592,82.0,279.1619718309859,100.0,"Mercedes-Benz CLA Coupe 250+ EQ Progressive: 35: 243,6",svg_aria,2026-05-19T08:53:35Z
mercedes_benz_cla_coupe_250_eq_progressive,Mercedes-Benz CLA Coupe 250+ EQ Progressive,26,36.0,239.7,228.7957746478873,88.0,287.7957746478873,106.0,"Mercedes-Benz CLA Coupe 250+ EQ Progressive: 36: 239,7",svg_aria,2026-05-19T08:53:35Z
mercedes_benz_cla_coupe_250_eq_progressive,Mercedes-Benz CLA Coupe 250+ EQ Progressive,27,37.0,234.6,237.42957746478874,95.0,296.42957746478874,113.0,"Mercedes-Benz CLA Coupe 250+ EQ Progressive: 37: 234,6",svg_aria,2026-05-19T08:53:35Z
mercedes_benz_cla_coupe_250_eq_progressive,Mercedes-Benz CLA Coupe 250+ EQ Progressive,28,38.0,231.0,246.06338028169012,101.0,305.0633802816901,119.0,"Mercedes-Benz CLA Coupe 250+ EQ Progressive: 38: 231,0",svg_aria,2026-05-19T08:53:35Z
mercedes_benz_cla_coupe_250_eq_progressive,Mercedes-Benz CLA Coupe 250+ EQ Progressive,29,39.0,225.9,254.69718309859155,108.0,313.69718309859155,126.0,"Mercedes-Benz CLA Coupe 250+ EQ Progressive: 39: 225,9",svg_aria,2026-05-19T08:53:35Z
mercedes_benz_cla_coupe_250_eq_progressive,Mercedes-Benz CLA Coupe 250+ EQ Progressive,30,40.0,221.2,263.33098591549293,115.0,322.33098591549293,133.0,"Mercedes-Benz CLA Coupe 250+ EQ Progressive: 40: 221,2",svg_aria,2026-05-19T08:53:35Z
mercedes_benz_cla_coupe_250_eq_progressive,Mercedes-Benz CLA Coupe 250+ EQ Progressive,31,41.0,216.7,271.96478873239437,122.0,330.96478873239437,140.0,"Mercedes-Benz CLA Coupe 250+ EQ Progressive: 41: 216,7",svg_aria,2026-05-19T08:53:35Z
mercedes_benz_cla_coupe_250_eq_progressive,Mercedes-Benz CLA Coupe 250+ EQ Progressive,32,42.0,213.4,280.59859154929575,126.0,339.59859154929575,144.0,"Mercedes-Benz CLA Coupe 250+ EQ Progressive: 42: 213,4",svg_aria,2026-05-19T08:53:35Z
mercedes_benz_cla_coupe_250_eq_progressive,Mercedes-Benz CLA Coupe 250+ EQ Progressive,33,43.0,209.2,289.2323943661971,133.0,348.2323943661971,151.0,"Mercedes-Benz CLA Coupe 250+ EQ Progressive: 43: 209,2",svg_aria,2026-05-19T08:53:35Z
mercedes_benz_cla_coupe_250_eq_progressive,Mercedes-Benz CLA Coupe 250+ EQ Progressive,34,44.0,205.0,297.86619718309856,139.0,356.86619718309856,157.0,"Mercedes-Benz CLA Coupe 250+ EQ Progressive: 44: 205,0",svg_aria,2026-05-19T08:53:35Z
mercedes_benz_cla_coupe_250_eq_progressive,Mercedes-Benz CLA Coupe 250+ EQ Progressive,35,45.0,200.7,306.5,145.0,365.5,163.0,"Mercedes-Benz CLA Coupe 250+ EQ Progressive: 45: 200,7",svg_aria,2026-05-19T08:53:35Z
mercedes_benz_cla_coupe_250_eq_progressive,Mercedes-Benz CLA Coupe 250+ EQ Progressive,36,46.0,198.3,315.1338028169014,148.0,374.1338028169014,166.0,"Mercedes-Benz CLA Coupe 250+ EQ Progressive: 46: 198,3",svg_aria,2026-05-19T08:53:35Z
mercedes_benz_cla_coupe_250_eq_progressive,Mercedes-Benz CLA Coupe 250+ EQ Progressive,37,47.0,196.4,323.76760563380276,151.0,382.76760563380276,169.0,"Mercedes-Benz CLA Coupe 250+ EQ Progressive: 47: 196,4",svg_aria,2026-05-19T08:53:35Z
mercedes_benz_cla_coupe_250_eq_progressive,Mercedes-Benz CLA Coupe 250+ EQ Progressive,38,48.0,194.5,332.4014084507042,154.0,391.4014084507042,172.0,"Mercedes-Benz CLA Coupe 250+ EQ Progressive: 48: 194,5",svg_aria,2026-05-19T08:53:35Z
mercedes_benz_cla_coupe_250_eq_progressive,Mercedes-Benz CLA Coupe 250+ EQ Progressive,39,49.0,192.9,341.03521126760563,156.0,400.03521126760563,174.0,"Mercedes-Benz CLA Coupe 250+ EQ Progressive: 49: 192,9",svg_aria,2026-05-19T08:53:35Z
mercedes_benz_cla_coupe_250_eq_progressive,Mercedes-Benz CLA Coupe 250+ EQ Progressive,40,50.0,191.0,349.669014084507,159.0,408.669014084507,177.0,"Mercedes-Benz CLA Coupe 250+ EQ Progressive: 50: 191,0",svg_aria,2026-05-19T08:53:35Z
mercedes_benz_cla_coupe_250_eq_progressive,Mercedes-Benz CLA Coupe 250+ EQ Progressive,41,51.0,188.7,358.3028169014084,162.0,417.3028169014084,180.0,"Mercedes-Benz CLA Coupe 250+ EQ Progressive: 51: 188,7",svg_aria,2026-05-19T08:53:35Z
mercedes_benz_cla_coupe_250_eq_progressive,Mercedes-Benz CLA Coupe 250+ EQ Progressive,42,52.0,186.8,366.9366197183098,165.0,425.9366197183098,183.0,"Mercedes-Benz CLA Coupe 250+ EQ Progressive: 52: 186,8",svg_aria,2026-05-19T08:53:35Z
mercedes_benz_cla_coupe_250_eq_progressive,Mercedes-Benz CLA Coupe 250+ EQ Progressive,43,53.0,185.1,375.57042253521126,168.0,434.57042253521126,186.0,"Mercedes-Benz CLA Coupe 250+ EQ Progressive: 53: 185,1",svg_aria,2026-05-19T08:53:35Z
mercedes_benz_cla_coupe_250_eq_progressive,Mercedes-Benz CLA Coupe 250+ EQ Progressive,44,54.0,182.8,384.20422535211264,171.0,443.20422535211264,189.0,"Mercedes-Benz CLA Coupe 250+ EQ Progressive: 54: 182,8",svg_aria,2026-05-19T08:53:35Z
mercedes_benz_cla_coupe_250_eq_progressive,Mercedes-Benz CLA Coupe 250+ EQ Progressive,45,55.0,181.0,392.838028169014,174.0,451.838028169014,192.0,"Mercedes-Benz CLA Coupe 250+ EQ Progressive: 55: 181,0",svg_aria,2026-05-19T08:53:35Z
mercedes_benz_cla_coupe_250_eq_progressive,Mercedes-Benz CLA Coupe 250+ EQ Progressive,46,56.0,177.3,401.47183098591546,179.0,460.47183098591546,197.0,"Mercedes-Benz CLA Coupe 250+ EQ Progressive: 56: 177,3",svg_aria,2026-05-19T08:53:35Z
mercedes_benz_cla_coupe_250_eq_progressive,Mercedes-Benz CLA Coupe 250+ EQ Progressive,47,57.0,172.2,410.1056338028169,187.0,469.1056338028169,205.0,"Mercedes-Benz CLA Coupe 250+ EQ Progressive: 57: 172,2",svg_aria,2026-05-19T08:53:35Z
mercedes_benz_cla_coupe_250_eq_progressive,Mercedes-Benz CLA Coupe 250+ EQ Progressive,48,58.0,168.3,418.7394366197183,192.0,477.7394366197183,210.0,"Mercedes-Benz CLA Coupe 250+ EQ Progressive: 58: 168,3",svg_aria,2026-05-19T08:53:35Z
mercedes_benz_cla_coupe_250_eq_progressive,Mercedes-Benz CLA Coupe 250+ EQ Progressive,49,59.0,163.5,427.37323943661966,199.0,486.37323943661966,217.0,"Mercedes-Benz CLA Coupe 250+ EQ Progressive: 59: 163,5",svg_aria,2026-05-19T08:53:35Z
mercedes_benz_cla_coupe_250_eq_progressive,Mercedes-Benz CLA Coupe 250+ EQ Progressive,50,60.0,158.8,436.0070422535211,206.0,495.0070422535211,224.0,"Mercedes-Benz CLA Coupe 250+ EQ Progressive: 60: 158,8",svg_aria,2026-05-19T08:53:35Z
mercedes_benz_cla_coupe_250_eq_progressive,Mercedes-Benz CLA Coupe 250+ EQ Progressive,51,61.0,154.3,444.64084507042253,213.0,503.64084507042253,231.0,"Mercedes-Benz CLA Coupe 250+ EQ Progressive: 61: 154,3",svg_aria,2026-05-19T08:53:35Z
mercedes_benz_cla_coupe_250_eq_progressive,Mercedes-Benz CLA Coupe 250+ EQ Progressive,52,62.0,148.8,453.2746478873239,221.0,512.2746478873239,239.0,"Mercedes-Benz CLA Coupe 250+ EQ Progressive: 62: 148,8",svg_aria,2026-05-19T08:53:35Z
mercedes_benz_cla_coupe_250_eq_progressive,Mercedes-Benz CLA Coupe 250+ EQ Progressive,53,63.0,144.4,461.9084507042253,227.0,520.9084507042253,245.0,"Mercedes-Benz CLA Coupe 250+ EQ Progressive: 63: 144,4",svg_aria,2026-05-19T08:53:35Z
mercedes_benz_cla_coupe_250_eq_progressive,Mercedes-Benz CLA Coupe 250+ EQ Progressive,54,64.0,139.3,470.5422535211267,235.0,529.5422535211267,253.0,"Mercedes-Benz CLA Coupe 250+ EQ Progressive: 64: 139,3",svg_aria,2026-05-19T08:53:35Z
mercedes_benz_cla_coupe_250_eq_progressive,Mercedes-Benz CLA Coupe 250+ EQ Progressive,55,65.0,134.5,479.17605633802816,242.0,538.1760563380282,260.0,"Mercedes-Benz CLA Coupe 250+ EQ Progressive: 65: 134,5",svg_aria,2026-05-19T08:53:35Z
mercedes_benz_cla_coupe_250_eq_progressive,Mercedes-Benz CLA Coupe 250+ EQ Progressive,56,66.0,129.7,487.80985915492954,249.0,546.8098591549295,267.0,"Mercedes-Benz CLA Coupe 250+ EQ Progressive: 66: 129,7",svg_aria,2026-05-19T08:53:35Z
mercedes_benz_cla_coupe_250_eq_progressive,Mercedes-Benz CLA Coupe 250+ EQ Progressive,57,67.0,127.6,496.4436619718309,252.0,555.4436619718309,270.0,"Mercedes-Benz CLA Coupe 250+ EQ Progressive: 67: 127,6",svg_aria,2026-05-19T08:53:35Z
mercedes_benz_cla_coupe_250_eq_progressive,Mercedes-Benz CLA Coupe 250+ EQ Progressive,58,68.0,126.2,505.07746478873236,254.0,564.0774647887324,272.0,"Mercedes-Benz CLA Coupe 250+ EQ Progressive: 68: 126,2",svg_aria,2026-05-19T08:53:35Z
mercedes_benz_cla_coupe_250_eq_progressive,Mercedes-Benz CLA Coupe 250+ EQ Progressive,59,69.0,124.9,513.7112676056338,256.0,572.7112676056338,274.0,"Mercedes-Benz CLA Coupe 250+ EQ Progressive: 69: 124,9",svg_aria,2026-05-19T08:53:35Z
mercedes_benz_cla_coupe_250_eq_progressive,Mercedes-Benz CLA Coupe 250+ EQ Progressive,60,70.0,123.5,522.3450704225352,258.0,581.3450704225352,276.0,"Mercedes-Benz CLA Coupe 250+ EQ Progressive: 70: 123,5",svg_aria,2026-05-19T08:53:35Z
mercedes_benz_cla_coupe_250_eq_progressive,Mercedes-Benz CLA Coupe 250+ EQ Progressive,61,71.0,122.1,530.9788732394366,260.0,589.9788732394366,278.0,"Mercedes-Benz CLA Coupe 250+ EQ Progressive: 71: 122,1",svg_aria,2026-05-19T08:53:35Z
mercedes_benz_cla_coupe_250_eq_progressive,Mercedes-Benz CLA Coupe 250+ EQ Progressive,62,72.0,120.8,539.612676056338,262.0,598.612676056338,280.0,"Mercedes-Benz CLA Coupe 250+ EQ Progressive: 72: 120,8",svg_aria,2026-05-19T08:53:35Z
mercedes_benz_cla_coupe_250_eq_progressive,Mercedes-Benz CLA Coupe 250+ EQ Progressive,63,73.0,119.4,548.2464788732394,264.0,607.2464788732394,282.0,"Mercedes-Benz CLA Coupe 250+ EQ Progressive: 73: 119,4",svg_aria,2026-05-19T08:53:35Z
mercedes_benz_cla_coupe_250_eq_progressive,Mercedes-Benz CLA Coupe 250+ EQ Progressive,64,74.0,118.1,556.8802816901408,266.0,615.8802816901408,284.0,"Mercedes-Benz CLA Coupe 250+ EQ Progressive: 74: 118,1",svg_aria,2026-05-19T08:53:35Z
mercedes_benz_cla_coupe_250_eq_progressive,Mercedes-Benz CLA Coupe 250+ EQ Progressive,65,75.0,116.7,565.5140845070422,268.0,624.5140845070422,286.0,"Mercedes-Benz CLA Coupe 250+ EQ Progressive: 75: 116,7",svg_aria,2026-05-19T08:53:35Z
mercedes_benz_cla_coupe_250_eq_progressive,Mercedes-Benz CLA Coupe 250+ EQ Progressive,66,76.0,115.3,574.1478873239436,270.0,633.1478873239436,288.0,"Mercedes-Benz CLA Coupe 250+ EQ Progressive: 76: 115,3",svg_aria,2026-05-19T08:53:35Z
mercedes_benz_cla_coupe_250_eq_progressive,Mercedes-Benz CLA Coupe 250+ EQ Progressive,67,77.0,113.8,582.7816901408451,272.0,641.7816901408451,290.0,"Mercedes-Benz CLA Coupe 250+ EQ Progressive: 77: 113,8",svg_aria,2026-05-19T08:53:35Z
mercedes_benz_cla_coupe_250_eq_progressive,Mercedes-Benz CLA Coupe 250+ EQ Progressive,68,78.0,111.0,591.4154929577464,276.0,650.4154929577464,294.0,"Mercedes-Benz CLA Coupe 250+ EQ Progressive: 78: 111,0",svg_aria,2026-05-19T08:53:35Z
mercedes_benz_cla_coupe_250_eq_progressive,Mercedes-Benz CLA Coupe 250+ EQ Progressive,69,79.0,107.8,600.0492957746478,281.0,659.0492957746478,299.0,"Mercedes-Benz CLA Coupe 250+ EQ Progressive: 79: 107,8",svg_aria,2026-05-19T08:53:35Z
mercedes_benz_cla_coupe_250_eq_progressive,Mercedes-Benz CLA Coupe 250+ EQ Progressive,70,80.0,104.2,608.6830985915493,286.0,667.6830985915493,304.0,"Mercedes-Benz CLA Coupe 250+ EQ Progressive: 80: 104,2",svg_aria,2026-05-19T08:53:35Z
porsche_taycan_performancebatterie_plus,Porsche Taycan Performancebatterie Plus,0,10.0,290.0,4.316901408450704,15.0,63.316901408450704,33.0,"Porsche Taycan Performancebatterie Plus: 10%: 290,0",svg_aria,2026-05-19T08:53:35Z
porsche_taycan_performancebatterie_plus,Porsche Taycan Performancebatterie Plus,1,11.0,290.6,12.950704225352112,14.0,71.95070422535211,32.0,"Porsche Taycan Performancebatterie Plus: 11%: 290,6",svg_aria,2026-05-19T08:53:35Z
porsche_taycan_performancebatterie_plus,Porsche Taycan Performancebatterie Plus,2,12.0,293.1,21.58450704225352,10.0,80.58450704225352,28.0,"Porsche Taycan Performancebatterie Plus: 12%: 293,1",svg_aria,2026-05-19T08:53:35Z
porsche_taycan_performancebatterie_plus,Porsche Taycan Performancebatterie Plus,3,13.0,294.6,30.218309859154928,8.0,89.21830985915493,26.0,"Porsche Taycan Performancebatterie Plus: 13%: 294,6",svg_aria,2026-05-19T08:53:35Z
porsche_taycan_performancebatterie_plus,Porsche Taycan Performancebatterie Plus,4,14.0,292.6,38.852112676056336,11.0,97.85211267605634,29.0,"Porsche Taycan Performancebatterie Plus: 14%: 292,6",svg_aria,2026-05-19T08:53:35Z
porsche_taycan_performancebatterie_plus,Porsche Taycan Performancebatterie Plus,5,15.0,292.1,47.485915492957744,12.0,106.48591549295774,30.0,"Porsche Taycan Performancebatterie Plus: 15%: 292,1",svg_aria,2026-05-19T08:53:35Z
porsche_taycan_performancebatterie_plus,Porsche Taycan Performancebatterie Plus,6,16.0,293.6,56.11971830985915,9.0,115.11971830985915,27.0,"Porsche Taycan Performancebatterie Plus: 16%: 293,6",svg_aria,2026-05-19T08:53:35Z
porsche_taycan_performancebatterie_plus,Porsche Taycan Performancebatterie Plus,7,17.0,294.1,64.75352112676056,9.0,123.75352112676056,27.0,"Porsche Taycan Performancebatterie Plus: 17%: 294,1",svg_aria,2026-05-19T08:53:35Z
porsche_taycan_performancebatterie_plus,Porsche Taycan Performancebatterie Plus,8,18.0,295.1,73.38732394366197,7.0,132.38732394366195,25.0,"Porsche Taycan Performancebatterie Plus: 18%: 295,1",svg_aria,2026-05-19T08:53:35Z
porsche_taycan_performancebatterie_plus,Porsche Taycan Performancebatterie Plus,9,19.0,293.3,82.02112676056338,10.0,141.0211267605634,28.0,"Porsche Taycan Performancebatterie Plus: 19%: 293,3",svg_aria,2026-05-19T08:53:35Z
porsche_taycan_performancebatterie_plus,Porsche Taycan Performancebatterie Plus,10,20.0,294.5,90.65492957746478,8.0,149.65492957746477,26.0,"Porsche Taycan Performancebatterie Plus: 20%: 294,5",svg_aria,2026-05-19T08:53:35Z
porsche_taycan_performancebatterie_plus,Porsche Taycan Performancebatterie Plus,11,21.0,294.7,99.28873239436619,8.0,158.2887323943662,26.0,"Porsche Taycan Performancebatterie Plus: 21%: 294,7",svg_aria,2026-05-19T08:53:35Z
porsche_taycan_performancebatterie_plus,Porsche Taycan Performancebatterie Plus,12,22.0,295.2,107.9225352112676,7.0,166.9225352112676,25.0,"Porsche Taycan Performancebatterie Plus: 22%: 295,2",svg_aria,2026-05-19T08:53:35Z
porsche_taycan_performancebatterie_plus,Porsche Taycan Performancebatterie Plus,13,23.0,295.0,116.55633802816901,7.0,175.55633802816902,25.0,"Porsche Taycan Performancebatterie Plus: 23%: 295,0",svg_aria,2026-05-19T08:53:35Z
porsche_taycan_performancebatterie_plus,Porsche Taycan Performancebatterie Plus,14,24.0,294.9,125.19014084507042,7.0,184.1901408450704,25.0,"Porsche Taycan Performancebatterie Plus: 24%: 294,9",svg_aria,2026-05-19T08:53:35Z
porsche_taycan_performancebatterie_plus,Porsche Taycan Performancebatterie Plus,15,25.0,295.5,133.82394366197184,7.0,192.82394366197184,25.0,"Porsche Taycan Performancebatterie Plus: 25%: 295,5",svg_aria,2026-05-19T08:53:35Z
porsche_taycan_performancebatterie_plus,Porsche Taycan Performancebatterie Plus,16,26.0,294.8,142.45774647887322,8.0,201.45774647887322,26.0,"Porsche Taycan Performancebatterie Plus: 26%: 294,8",svg_aria,2026-05-19T08:53:35Z
porsche_taycan_performancebatterie_plus,Porsche Taycan Performancebatterie Plus,17,27.0,295.6,151.09154929577466,6.0,210.09154929577466,24.0,"Porsche Taycan Performancebatterie Plus: 27%: 295,6",svg_aria,2026-05-19T08:53:35Z
porsche_taycan_performancebatterie_plus,Porsche Taycan Performancebatterie Plus,18,28.0,295.3,159.72535211267603,7.0,218.72535211267603,25.0,"Porsche Taycan Performancebatterie Plus: 28%: 295,3",svg_aria,2026-05-19T08:53:35Z
porsche_taycan_performancebatterie_plus,Porsche Taycan Performancebatterie Plus,19,29.0,295.6,168.35915492957747,6.0,227.35915492957747,24.0,"Porsche Taycan Performancebatterie Plus: 29%: 295,6",svg_aria,2026-05-19T08:53:35Z
porsche_taycan_performancebatterie_plus,Porsche Taycan Performancebatterie Plus,20,30.0,295.1,176.99295774647885,7.0,235.99295774647885,25.0,"Porsche Taycan Performancebatterie Plus: 30%: 295,1",svg_aria,2026-05-19T08:53:35Z
porsche_taycan_performancebatterie_plus,Porsche Taycan Performancebatterie Plus,21,31.0,295.2,185.6267605633803,7.0,244.6267605633803,25.0,"Porsche Taycan Performancebatterie Plus: 31%: 295,2",svg_aria,2026-05-19T08:53:35Z
porsche_taycan_performancebatterie_plus,Porsche Taycan Performancebatterie Plus,22,32.0,295.0,194.26056338028167,7.0,253.26056338028167,25.0,"Porsche Taycan Performancebatterie Plus: 32%: 295,0",svg_aria,2026-05-19T08:53:35Z
porsche_taycan_performancebatterie_plus,Porsche Taycan Performancebatterie Plus,23,33.0,294.8,202.8943661971831,8.0,261.8943661971831,26.0,"Porsche Taycan Performancebatterie Plus: 33%: 294,8",svg_aria,2026-05-19T08:53:35Z
porsche_taycan_performancebatterie_plus,Porsche Taycan Performancebatterie Plus,24,34.0,295.5,211.52816901408448,7.0,270.5281690140845,25.0,"Porsche Taycan Performancebatterie Plus: 34%: 295,5",svg_aria,2026-05-19T08:53:35Z
porsche_taycan_performancebatterie_plus,Porsche Taycan Performancebatterie Plus,25,35.0,295.3,220.16197183098592,7.0,279.1619718309859,25.0,"Porsche Taycan Performancebatterie Plus: 35%: 295,3",svg_aria,2026-05-19T08:53:35Z
porsche_taycan_performancebatterie_plus,Porsche Taycan Performancebatterie Plus,26,36.0,295.3,228.7957746478873,7.0,287.7957746478873,25.0,"Porsche Taycan Performancebatterie Plus: 36%: 295,3",svg_aria,2026-05-19T08:53:35Z
porsche_taycan_performancebatterie_plus,Porsche Taycan Performancebatterie Plus,27,37.0,294.8,237.42957746478874,8.0,296.42957746478874,26.0,"Porsche Taycan Performancebatterie Plus: 37%: 294,8",svg_aria,2026-05-19T08:53:35Z
porsche_taycan_performancebatterie_plus,Porsche Taycan Performancebatterie Plus,28,38.0,295.3,246.06338028169012,7.0,305.0633802816901,25.0,"Porsche Taycan Performancebatterie Plus: 38%: 295,3",svg_aria,2026-05-19T08:53:35Z
porsche_taycan_performancebatterie_plus,Porsche Taycan Performancebatterie Plus,29,39.0,294.7,254.69718309859155,8.0,313.69718309859155,26.0,"Porsche Taycan Performancebatterie Plus: 39%: 294,7",svg_aria,2026-05-19T08:53:35Z
porsche_taycan_performancebatterie_plus,Porsche Taycan Performancebatterie Plus,30,40.0,295.6,263.33098591549293,6.0,322.33098591549293,24.0,"Porsche Taycan Performancebatterie Plus: 40%: 295,6",svg_aria,2026-05-19T08:53:35Z
porsche_taycan_performancebatterie_plus,Porsche Taycan Performancebatterie Plus,31,41.0,294.4,271.96478873239437,8.0,330.96478873239437,26.0,"Porsche Taycan Performancebatterie Plus: 41%: 294,4",svg_aria,2026-05-19T08:53:35Z
porsche_taycan_performancebatterie_plus,Porsche Taycan Performancebatterie Plus,32,42.0,295.5,280.59859154929575,7.0,339.59859154929575,25.0,"Porsche Taycan Performancebatterie Plus: 42%: 295,5",svg_aria,2026-05-19T08:53:35Z
porsche_taycan_performancebatterie_plus,Porsche Taycan Performancebatterie Plus,33,43.0,294.7,289.2323943661971,8.0,348.2323943661971,26.0,"Porsche Taycan Performancebatterie Plus: 43%: 294,7",svg_aria,2026-05-19T08:53:35Z
porsche_taycan_performancebatterie_plus,Porsche Taycan Performancebatterie Plus,34,44.0,295.5,297.86619718309856,7.0,356.86619718309856,25.0,"Porsche Taycan Performancebatterie Plus: 44%: 295,5",svg_aria,2026-05-19T08:53:35Z
porsche_taycan_performancebatterie_plus,Porsche Taycan Performancebatterie Plus,35,45.0,295.6,306.5,6.0,365.5,24.0,"Porsche Taycan Performancebatterie Plus: 45%: 295,6",svg_aria,2026-05-19T08:53:35Z
porsche_taycan_performancebatterie_plus,Porsche Taycan Performancebatterie Plus,36,46.0,294.7,315.1338028169014,8.0,374.1338028169014,26.0,"Porsche Taycan Performancebatterie Plus: 46%: 294,7",svg_aria,2026-05-19T08:53:35Z
porsche_taycan_performancebatterie_plus,Porsche Taycan Performancebatterie Plus,37,47.0,295.3,323.76760563380276,7.0,382.76760563380276,25.0,"Porsche Taycan Performancebatterie Plus: 47%: 295,3",svg_aria,2026-05-19T08:53:35Z
porsche_taycan_performancebatterie_plus,Porsche Taycan Performancebatterie Plus,38,48.0,295.0,332.4014084507042,7.0,391.4014084507042,25.0,"Porsche Taycan Performancebatterie Plus: 48%: 295,0",svg_aria,2026-05-19T08:53:35Z
porsche_taycan_performancebatterie_plus,Porsche Taycan Performancebatterie Plus,39,49.0,294.7,341.03521126760563,8.0,400.03521126760563,26.0,"Porsche Taycan Performancebatterie Plus: 49%: 294,7",svg_aria,2026-05-19T08:53:35Z
porsche_taycan_performancebatterie_plus,Porsche Taycan Performancebatterie Plus,40,50.0,294.6,349.669014084507,8.0,408.669014084507,26.0,"Porsche Taycan Performancebatterie Plus: 50%: 294,6",svg_aria,2026-05-19T08:53:35Z
porsche_taycan_performancebatterie_plus,Porsche Taycan Performancebatterie Plus,41,51.0,295.2,358.3028169014084,7.0,417.3028169014084,25.0,"Porsche Taycan Performancebatterie Plus: 51%: 295,2",svg_aria,2026-05-19T08:53:35Z
porsche_taycan_performancebatterie_plus,Porsche Taycan Performancebatterie Plus,42,52.0,294.9,366.9366197183098,7.0,425.9366197183098,25.0,"Porsche Taycan Performancebatterie Plus: 52%: 294,9",svg_aria,2026-05-19T08:53:35Z
porsche_taycan_performancebatterie_plus,Porsche Taycan Performancebatterie Plus,43,53.0,294.7,375.57042253521126,8.0,434.57042253521126,26.0,"Porsche Taycan Performancebatterie Plus: 53%: 294,7",svg_aria,2026-05-19T08:53:35Z
porsche_taycan_performancebatterie_plus,Porsche Taycan Performancebatterie Plus,44,54.0,294.7,384.20422535211264,8.0,443.20422535211264,26.0,"Porsche Taycan Performancebatterie Plus: 54%: 294,7",svg_aria,2026-05-19T08:53:35Z
porsche_taycan_performancebatterie_plus,Porsche Taycan Performancebatterie Plus,45,55.0,294.1,392.838028169014,9.0,451.838028169014,27.0,"Porsche Taycan Performancebatterie Plus: 55%: 294,1",svg_aria,2026-05-19T08:53:35Z
porsche_taycan_performancebatterie_plus,Porsche Taycan Performancebatterie Plus,46,56.0,294.0,401.47183098591546,9.0,460.47183098591546,27.0,"Porsche Taycan Performancebatterie Plus: 56%: 294,0",svg_aria,2026-05-19T08:53:35Z
porsche_taycan_performancebatterie_plus,Porsche Taycan Performancebatterie Plus,47,57.0,293.3,410.1056338028169,10.0,469.1056338028169,28.0,"Porsche Taycan Performancebatterie Plus: 57%: 293,3",svg_aria,2026-05-19T08:53:35Z
porsche_taycan_performancebatterie_plus,Porsche Taycan Performancebatterie Plus,48,58.0,294.2,418.7394366197183,8.0,477.7394366197183,26.0,"Porsche Taycan Performancebatterie Plus: 58%: 294,2",svg_aria,2026-05-19T08:53:35Z
porsche_taycan_performancebatterie_plus,Porsche Taycan Performancebatterie Plus,49,59.0,293.5,427.37323943661966,9.0,486.37323943661966,27.0,"Porsche Taycan Performancebatterie Plus: 59%: 293,5",svg_aria,2026-05-19T08:53:35Z
porsche_taycan_performancebatterie_plus,Porsche Taycan Performancebatterie Plus,50,60.0,293.6,436.0070422535211,9.0,495.0070422535211,27.0,"Porsche Taycan Performancebatterie Plus: 60%: 293,6",svg_aria,2026-05-19T08:53:35Z
porsche_taycan_performancebatterie_plus,Porsche Taycan Performancebatterie Plus,51,61.0,294.2,444.64084507042253,8.0,503.64084507042253,26.0,"Porsche Taycan Performancebatterie Plus: 61%: 294,2",svg_aria,2026-05-19T08:53:35Z
porsche_taycan_performancebatterie_plus,Porsche Taycan Performancebatterie Plus,52,62.0,293.2,453.2746478873239,10.0,512.2746478873239,28.0,"Porsche Taycan Performancebatterie Plus: 62%: 293,2",svg_aria,2026-05-19T08:53:35Z
porsche_taycan_performancebatterie_plus,Porsche Taycan Performancebatterie Plus,53,63.0,289.8,461.9084507042253,15.0,520.9084507042253,33.0,"Porsche Taycan Performancebatterie Plus: 63%: 289,8",svg_aria,2026-05-19T08:53:35Z
porsche_taycan_performancebatterie_plus,Porsche Taycan Performancebatterie Plus,54,64.0,287.2,470.5422535211267,19.0,529.5422535211267,37.0,"Porsche Taycan Performancebatterie Plus: 64%: 287,2",svg_aria,2026-05-19T08:53:35Z
porsche_taycan_performancebatterie_plus,Porsche Taycan Performancebatterie Plus,55,65.0,286.2,479.17605633802816,20.0,538.1760563380282,38.0,"Porsche Taycan Performancebatterie Plus: 65%: 286,2",svg_aria,2026-05-19T08:53:35Z
porsche_taycan_performancebatterie_plus,Porsche Taycan Performancebatterie Plus,56,66.0,278.2,487.80985915492954,32.0,546.8098591549295,50.0,"Porsche Taycan Performancebatterie Plus: 66%: 278,2",svg_aria,2026-05-19T08:53:35Z
porsche_taycan_performancebatterie_plus,Porsche Taycan Performancebatterie Plus,57,67.0,271.8,496.4436619718309,41.0,555.4436619718309,59.0,"Porsche Taycan Performancebatterie Plus: 67%: 271,8",svg_aria,2026-05-19T08:53:35Z
porsche_taycan_performancebatterie_plus,Porsche Taycan Performancebatterie Plus,58,68.0,262.5,505.07746478873236,55.0,564.0774647887324,73.0,"Porsche Taycan Performancebatterie Plus: 68%: 262,5",svg_aria,2026-05-19T08:53:35Z
porsche_taycan_performancebatterie_plus,Porsche Taycan Performancebatterie Plus,59,69.0,211.2,513.7112676056338,130.0,572.7112676056338,148.0,"Porsche Taycan Performancebatterie Plus: 69%: 211,2",svg_aria,2026-05-19T08:53:35Z
porsche_taycan_performancebatterie_plus,Porsche Taycan Performancebatterie Plus,60,70.0,212.7,522.3450704225352,127.0,581.3450704225352,145.0,"Porsche Taycan Performancebatterie Plus: 70%: 212,7",svg_aria,2026-05-19T08:53:35Z
porsche_taycan_performancebatterie_plus,Porsche Taycan Performancebatterie Plus,61,71.0,213.0,530.9788732394366,127.0,589.9788732394366,145.0,"Porsche Taycan Performancebatterie Plus: 71%: 213,0",svg_aria,2026-05-19T08:53:35Z
porsche_taycan_performancebatterie_plus,Porsche Taycan Performancebatterie Plus,62,72.0,213.5,539.612676056338,126.0,598.612676056338,144.0,"Porsche Taycan Performancebatterie Plus: 72%: 213,5",svg_aria,2026-05-19T08:53:35Z
porsche_taycan_performancebatterie_plus,Porsche Taycan Performancebatterie Plus,63,73.0,213.6,548.2464788732394,126.0,607.2464788732394,144.0,"Porsche Taycan Performancebatterie Plus: 73%: 213,6",svg_aria,2026-05-19T08:53:35Z
porsche_taycan_performancebatterie_plus,Porsche Taycan Performancebatterie Plus,64,74.0,214.3,556.8802816901408,125.0,615.8802816901408,143.0,"Porsche Taycan Performancebatterie Plus: 74%: 214,3",svg_aria,2026-05-19T08:53:35Z
porsche_taycan_performancebatterie_plus,Porsche Taycan Performancebatterie Plus,65,75.0,197.6,565.5140845070422,150.0,624.5140845070422,168.0,"Porsche Taycan Performancebatterie Plus: 75%: 197,6",svg_aria,2026-05-19T08:53:35Z
porsche_taycan_performancebatterie_plus,Porsche Taycan Performancebatterie Plus,66,76.0,184.6,574.1478873239436,168.0,633.1478873239436,186.0,"Porsche Taycan Performancebatterie Plus: 76%: 184,6",svg_aria,2026-05-19T08:53:35Z
porsche_taycan_performancebatterie_plus,Porsche Taycan Performancebatterie Plus,67,77.0,172.1,582.7816901408451,187.0,641.7816901408451,205.0,"Porsche Taycan Performancebatterie Plus: 77%: 172,1",svg_aria,2026-05-19T08:53:35Z
porsche_taycan_performancebatterie_plus,Porsche Taycan Performancebatterie Plus,68,78.0,155.9,591.4154929577464,210.0,650.4154929577464,228.0,"Porsche Taycan Performancebatterie Plus: 78%: 155,9",svg_aria,2026-05-19T08:53:35Z
porsche_taycan_performancebatterie_plus,Porsche Taycan Performancebatterie Plus,69,79.0,141.3,600.0492957746478,232.0,659.0492957746478,250.0,"Porsche Taycan Performancebatterie Plus: 79%: 141,3",svg_aria,2026-05-19T08:53:35Z
porsche_taycan_performancebatterie_plus,Porsche Taycan Performancebatterie Plus,70,80.0,106.8,608.6830985915493,282.0,667.6830985915493,300.0,"Porsche Taycan Performancebatterie Plus: 80%: 106,8",svg_aria,2026-05-19T08:53:35Z
mercedes_benz_eqs_450_amg_line,Mercedes-Benz EQS 450+ AMG Line,0,10.0,197.2,4.316901408450704,55.0,63.316901408450704,73.0,"Mercedes-Benz EQS 450+ AMG Line: 10: 197,2",svg_aria,2026-05-19T08:53:35Z
mercedes_benz_eqs_450_amg_line,Mercedes-Benz EQS 450+ AMG Line,1,11.0,198.1,12.950704225352112,53.0,71.95070422535211,71.0,"Mercedes-Benz EQS 450+ AMG Line: 11: 198,1",svg_aria,2026-05-19T08:53:35Z
mercedes_benz_eqs_450_amg_line,Mercedes-Benz EQS 450+ AMG Line,2,12.0,198.9,21.58450704225352,51.0,80.58450704225352,69.0,"Mercedes-Benz EQS 450+ AMG Line: 12: 198,9",svg_aria,2026-05-19T08:53:35Z
mercedes_benz_eqs_450_amg_line,Mercedes-Benz EQS 450+ AMG Line,3,13.0,199.5,30.218309859154928,50.0,89.21830985915493,68.0,"Mercedes-Benz EQS 450+ AMG Line: 13: 199,5",svg_aria,2026-05-19T08:53:35Z
mercedes_benz_eqs_450_amg_line,Mercedes-Benz EQS 450+ AMG Line,4,14.0,200.3,38.852112676056336,48.0,97.85211267605634,66.0,"Mercedes-Benz EQS 450+ AMG Line: 14: 200,3",svg_aria,2026-05-19T08:53:35Z
mercedes_benz_eqs_450_amg_line,Mercedes-Benz EQS 450+ AMG Line,5,15.0,200.7,47.485915492957744,47.0,106.48591549295774,65.0,"Mercedes-Benz EQS 450+ AMG Line: 15: 200,7",svg_aria,2026-05-19T08:53:35Z
mercedes_benz_eqs_450_amg_line,Mercedes-Benz EQS 450+ AMG Line,6,16.0,201.4,56.11971830985915,45.0,115.11971830985915,63.0,"Mercedes-Benz EQS 450+ AMG Line: 16: 201,4",svg_aria,2026-05-19T08:53:35Z
mercedes_benz_eqs_450_amg_line,Mercedes-Benz EQS 450+ AMG Line,7,17.0,201.5,64.75352112676056,45.0,123.75352112676056,63.0,"Mercedes-Benz EQS 450+ AMG Line: 17: 201,5",svg_aria,2026-05-19T08:53:35Z
mercedes_benz_eqs_450_amg_line,Mercedes-Benz EQS 450+ AMG Line,8,18.0,201.9,73.38732394366197,44.0,132.38732394366195,62.0,"Mercedes-Benz EQS 450+ AMG Line: 18: 201,9",svg_aria,2026-05-19T08:53:35Z
mercedes_benz_eqs_450_amg_line,Mercedes-Benz EQS 450+ AMG Line,9,19.0,202.3,82.02112676056338,43.0,141.0211267605634,61.0,"Mercedes-Benz EQS 450+ AMG Line: 19: 202,3",svg_aria,2026-05-19T08:53:35Z
mercedes_benz_eqs_450_amg_line,Mercedes-Benz EQS 450+ AMG Line,10,20.0,202.4,90.65492957746478,43.0,149.65492957746477,61.0,"Mercedes-Benz EQS 450+ AMG Line: 20: 202,4",svg_aria,2026-05-19T08:53:35Z
mercedes_benz_eqs_450_amg_line,Mercedes-Benz EQS 450+ AMG Line,11,21.0,202.8,99.28873239436619,42.0,158.2887323943662,60.0,"Mercedes-Benz EQS 450+ AMG Line: 21: 202,8",svg_aria,2026-05-19T08:53:35Z
mercedes_benz_eqs_450_amg_line,Mercedes-Benz EQS 450+ AMG Line,12,22.0,203.3,107.9225352112676,41.0,166.9225352112676,59.0,"Mercedes-Benz EQS 450+ AMG Line: 22: 203,3",svg_aria,2026-05-19T08:53:35Z
mercedes_benz_eqs_450_amg_line,Mercedes-Benz EQS 450+ AMG Line,13,23.0,203.6,116.55633802816901,40.0,175.55633802816902,58.0,"Mercedes-Benz EQS 450+ AMG Line: 23: 203,6",svg_aria,2026-05-19T08:53:35Z
mercedes_benz_eqs_450_amg_line,Mercedes-Benz EQS 450+ AMG Line,14,24.0,204.0,125.19014084507042,39.0,184.1901408450704,57.0,"Mercedes-Benz EQS 450+ AMG Line: 24: 204,0",svg_aria,2026-05-19T08:53:35Z
mercedes_benz_eqs_450_amg_line,Mercedes-Benz EQS 450+ AMG Line,15,25.0,204.3,133.82394366197184,38.0,192.82394366197184,56.0,"Mercedes-Benz EQS 450+ AMG Line: 25: 204,3",svg_aria,2026-05-19T08:53:35Z
mercedes_benz_eqs_450_amg_line,Mercedes-Benz EQS 450+ AMG Line,16,26.0,204.3,142.45774647887322,38.0,201.45774647887322,56.0,"Mercedes-Benz EQS 450+ AMG Line: 26: 204,3",svg_aria,2026-05-19T08:53:35Z
mercedes_benz_eqs_450_amg_line,Mercedes-Benz EQS 450+ AMG Line,17,27.0,204.9,151.09154929577466,37.0,210.09154929577466,55.0,"Mercedes-Benz EQS 450+ AMG Line: 27: 204,9",svg_aria,2026-05-19T08:53:35Z
mercedes_benz_eqs_450_amg_line,Mercedes-Benz EQS 450+ AMG Line,18,28.0,205.3,159.72535211267603,36.0,218.72535211267603,54.0,"Mercedes-Benz EQS 450+ AMG Line: 28: 205,3",svg_aria,2026-05-19T08:53:35Z
mercedes_benz_eqs_450_amg_line,Mercedes-Benz EQS 450+ AMG Line,19,29.0,205.6,168.35915492957747,35.0,227.35915492957747,53.0,"Mercedes-Benz EQS 450+ AMG Line: 29: 205,6",svg_aria,2026-05-19T08:53:35Z
mercedes_benz_eqs_450_amg_line,Mercedes-Benz EQS 450+ AMG Line,20,30.0,205.8,176.99295774647885,35.0,235.99295774647885,53.0,"Mercedes-Benz EQS 450+ AMG Line: 30: 205,8",svg_aria,2026-05-19T08:53:35Z
mercedes_benz_eqs_450_amg_line,Mercedes-Benz EQS 450+ AMG Line,21,31.0,206.2,185.6267605633803,34.0,244.6267605633803,52.0,"Mercedes-Benz EQS 450+ AMG Line: 31: 206,2",svg_aria,2026-05-19T08:53:35Z
mercedes_benz_eqs_450_amg_line,Mercedes-Benz EQS 450+ AMG Line,22,32.0,206.4,194.26056338028167,33.0,253.26056338028167,51.0,"Mercedes-Benz EQS 450+ AMG Line: 32: 206,4",svg_aria,2026-05-19T08:53:35Z
mercedes_benz_eqs_450_amg_line,Mercedes-Benz EQS 450+ AMG Line,23,33.0,206.8,202.8943661971831,32.0,261.8943661971831,50.0,"Mercedes-Benz EQS 450+ AMG Line: 33: 206,8",svg_aria,2026-05-19T08:53:35Z
mercedes_benz_eqs_450_amg_line,Mercedes-Benz EQS 450+ AMG Line,24,34.0,207.3,211.52816901408448,31.0,270.5281690140845,49.0,"Mercedes-Benz EQS 450+ AMG Line: 34: 207,3",svg_aria,2026-05-19T08:53:35Z
mercedes_benz_eqs_450_amg_line,Mercedes-Benz EQS 450+ AMG Line,25,35.0,207.3,220.16197183098592,31.0,279.1619718309859,49.0,"Mercedes-Benz EQS 450+ AMG Line: 35: 207,3",svg_aria,2026-05-19T08:53:35Z
mercedes_benz_eqs_450_amg_line,Mercedes-Benz EQS 450+ AMG Line,26,36.0,207.4,228.7957746478873,31.0,287.7957746478873,49.0,"Mercedes-Benz EQS 450+ AMG Line: 36: 207,4",svg_aria,2026-05-19T08:53:35Z
mercedes_benz_eqs_450_amg_line,Mercedes-Benz EQS 450+ AMG Line,27,37.0,208.2,237.42957746478874,29.0,296.42957746478874,47.0,"Mercedes-Benz EQS 450+ AMG Line: 37: 208,2",svg_aria,2026-05-19T08:53:35Z
mercedes_benz_eqs_450_amg_line,Mercedes-Benz EQS 450+ AMG Line,28,38.0,208.0,246.06338028169012,29.0,305.0633802816901,47.0,"Mercedes-Benz EQS 450+ AMG Line: 38: 208,0",svg_aria,2026-05-19T08:53:35Z
mercedes_benz_eqs_450_amg_line,Mercedes-Benz EQS 450+ AMG Line,29,39.0,209.0,254.69718309859155,27.0,313.69718309859155,45.0,"Mercedes-Benz EQS 450+ AMG Line: 39: 209,0",svg_aria,2026-05-19T08:53:35Z
mercedes_benz_eqs_450_amg_line,Mercedes-Benz EQS 450+ AMG Line,30,40.0,208.3,263.33098591549293,28.0,322.33098591549293,46.0,"Mercedes-Benz EQS 450+ AMG Line: 40: 208,3",svg_aria,2026-05-19T08:53:35Z
mercedes_benz_eqs_450_amg_line,Mercedes-Benz EQS 450+ AMG Line,31,41.0,209.4,271.96478873239437,26.0,330.96478873239437,44.0,"Mercedes-Benz EQS 450+ AMG Line: 41: 209,4",svg_aria,2026-05-19T08:53:35Z
mercedes_benz_eqs_450_amg_line,Mercedes-Benz EQS 450+ AMG Line,32,42.0,209.7,280.59859154929575,25.0,339.59859154929575,43.0,"Mercedes-Benz EQS 450+ AMG Line: 42: 209,7",svg_aria,2026-05-19T08:53:35Z
mercedes_benz_eqs_450_amg_line,Mercedes-Benz EQS 450+ AMG Line,33,43.0,210.2,289.2323943661971,24.0,348.2323943661971,42.0,"Mercedes-Benz EQS 450+ AMG Line: 43: 210,2",svg_aria,2026-05-19T08:53:35Z
mercedes_benz_eqs_450_amg_line,Mercedes-Benz EQS 450+ AMG Line,34,44.0,210.4,297.86619718309856,23.0,356.86619718309856,41.0,"Mercedes-Benz EQS 450+ AMG Line: 44: 210,4",svg_aria,2026-05-19T08:53:35Z
mercedes_benz_eqs_450_amg_line,Mercedes-Benz EQS 450+ AMG Line,35,45.0,211.5,306.5,21.0,365.5,39.0,"Mercedes-Benz EQS 450+ AMG Line: 45: 211,5",svg_aria,2026-05-19T08:53:35Z
mercedes_benz_eqs_450_amg_line,Mercedes-Benz EQS 450+ AMG Line,36,46.0,209.6,315.1338028169014,25.0,374.1338028169014,43.0,"Mercedes-Benz EQS 450+ AMG Line: 46: 209,6",svg_aria,2026-05-19T08:53:35Z
mercedes_benz_eqs_450_amg_line,Mercedes-Benz EQS 450+ AMG Line,37,47.0,206.5,323.76760563380276,33.0,382.76760563380276,51.0,"Mercedes-Benz EQS 450+ AMG Line: 47: 206,5",svg_aria,2026-05-19T08:53:35Z
mercedes_benz_eqs_450_amg_line,Mercedes-Benz EQS 450+ AMG Line,38,48.0,204.2,332.4014084507042,38.0,391.4014084507042,56.0,"Mercedes-Benz EQS 450+ AMG Line: 48: 204,2",svg_aria,2026-05-19T08:53:35Z
mercedes_benz_eqs_450_amg_line,Mercedes-Benz EQS 450+ AMG Line,39,49.0,200.7,341.03521126760563,47.0,400.03521126760563,65.0,"Mercedes-Benz EQS 450+ AMG Line: 49: 200,7",svg_aria,2026-05-19T08:53:35Z
mercedes_benz_eqs_450_amg_line,Mercedes-Benz EQS 450+ AMG Line,40,50.0,197.7,349.669014084507,54.0,408.669014084507,72.0,"Mercedes-Benz EQS 450+ AMG Line: 50: 197,7",svg_aria,2026-05-19T08:53:35Z
mercedes_benz_eqs_450_amg_line,Mercedes-Benz EQS 450+ AMG Line,41,51.0,195.0,358.3028169014084,61.0,417.3028169014084,79.0,"Mercedes-Benz EQS 450+ AMG Line: 51: 195,0",svg_aria,2026-05-19T08:53:35Z
mercedes_benz_eqs_450_amg_line,Mercedes-Benz EQS 450+ AMG Line,42,52.0,191.8,366.9366197183098,69.0,425.9366197183098,87.0,"Mercedes-Benz EQS 450+ AMG Line: 52: 191,8",svg_aria,2026-05-19T08:53:35Z
mercedes_benz_eqs_450_amg_line,Mercedes-Benz EQS 450+ AMG Line,43,53.0,189.1,375.57042253521126,75.0,434.57042253521126,93.0,"Mercedes-Benz EQS 450+ AMG Line: 53: 189,1",svg_aria,2026-05-19T08:53:35Z
mercedes_benz_eqs_450_amg_line,Mercedes-Benz EQS 450+ AMG Line,44,54.0,185.9,384.20422535211264,83.0,443.20422535211264,101.0,"Mercedes-Benz EQS 450+ AMG Line: 54: 185,9",svg_aria,2026-05-19T08:53:35Z
mercedes_benz_eqs_450_amg_line,Mercedes-Benz EQS 450+ AMG Line,45,55.0,182.7,392.838028169014,91.0,451.838028169014,109.0,"Mercedes-Benz EQS 450+ AMG Line: 55: 182,7",svg_aria,2026-05-19T08:53:35Z
mercedes_benz_eqs_450_amg_line,Mercedes-Benz EQS 450+ AMG Line,46,56.0,180.0,401.47183098591546,97.0,460.47183098591546,115.0,"Mercedes-Benz EQS 450+ AMG Line: 56: 180,0",svg_aria,2026-05-19T08:53:35Z
mercedes_benz_eqs_450_amg_line,Mercedes-Benz EQS 450+ AMG Line,47,57.0,176.3,410.1056338028169,106.0,469.1056338028169,124.0,"Mercedes-Benz EQS 450+ AMG Line: 57: 176,3",svg_aria,2026-05-19T08:53:35Z
mercedes_benz_eqs_450_amg_line,Mercedes-Benz EQS 450+ AMG Line,48,58.0,173.4,418.7394366197183,113.0,477.7394366197183,131.0,"Mercedes-Benz EQS 450+ AMG Line: 58: 173,4",svg_aria,2026-05-19T08:53:35Z
mercedes_benz_eqs_450_amg_line,Mercedes-Benz EQS 450+ AMG Line,49,59.0,169.8,427.37323943661966,122.0,486.37323943661966,140.0,"Mercedes-Benz EQS 450+ AMG Line: 59: 169,8",svg_aria,2026-05-19T08:53:35Z
mercedes_benz_eqs_450_amg_line,Mercedes-Benz EQS 450+ AMG Line,50,60.0,166.9,436.0070422535211,129.0,495.0070422535211,147.0,"Mercedes-Benz EQS 450+ AMG Line: 60: 166,9",svg_aria,2026-05-19T08:53:35Z
mercedes_benz_eqs_450_amg_line,Mercedes-Benz EQS 450+ AMG Line,51,61.0,163.2,444.64084507042253,138.0,503.64084507042253,156.0,"Mercedes-Benz EQS 450+ AMG Line: 61: 163,2",svg_aria,2026-05-19T08:53:35Z
mercedes_benz_eqs_450_amg_line,Mercedes-Benz EQS 450+ AMG Line,52,62.0,159.9,453.2746478873239,146.0,512.2746478873239,164.0,"Mercedes-Benz EQS 450+ AMG Line: 62: 159,9",svg_aria,2026-05-19T08:53:35Z
mercedes_benz_eqs_450_amg_line,Mercedes-Benz EQS 450+ AMG Line,53,63.0,156.6,461.9084507042253,154.0,520.9084507042253,172.0,"Mercedes-Benz EQS 450+ AMG Line: 63: 156,6",svg_aria,2026-05-19T08:53:35Z
mercedes_benz_eqs_450_amg_line,Mercedes-Benz EQS 450+ AMG Line,54,64.0,152.8,470.5422535211267,164.0,529.5422535211267,182.0,"Mercedes-Benz EQS 450+ AMG Line: 64: 152,8",svg_aria,2026-05-19T08:53:35Z
mercedes_benz_eqs_450_amg_line,Mercedes-Benz EQS 450+ AMG Line,55,65.0,149.5,479.17605633802816,172.0,538.1760563380282,190.0,"Mercedes-Benz EQS 450+ AMG Line: 65: 149,5",svg_aria,2026-05-19T08:53:35Z
mercedes_benz_eqs_450_amg_line,Mercedes-Benz EQS 450+ AMG Line,56,66.0,146.2,487.80985915492954,180.0,546.8098591549295,198.0,"Mercedes-Benz EQS 450+ AMG Line: 66: 146,2",svg_aria,2026-05-19T08:53:35Z
mercedes_benz_eqs_450_amg_line,Mercedes-Benz EQS 450+ AMG Line,57,67.0,143.3,496.4436619718309,187.0,555.4436619718309,205.0,"Mercedes-Benz EQS 450+ AMG Line: 67: 143,3",svg_aria,2026-05-19T08:53:35Z
mercedes_benz_eqs_450_amg_line,Mercedes-Benz EQS 450+ AMG Line,58,68.0,140.4,505.07746478873236,194.0,564.0774647887324,212.0,"Mercedes-Benz EQS 450+ AMG Line: 68: 140,4",svg_aria,2026-05-19T08:53:35Z
mercedes_benz_eqs_450_amg_line,Mercedes-Benz EQS 450+ AMG Line,59,69.0,137.1,513.7112676056338,202.0,572.7112676056338,220.0,"Mercedes-Benz EQS 450+ AMG Line: 69: 137,1",svg_aria,2026-05-19T08:53:35Z
mercedes_benz_eqs_450_amg_line,Mercedes-Benz EQS 450+ AMG Line,60,70.0,134.3,522.3450704225352,209.0,581.3450704225352,227.0,"Mercedes-Benz EQS 450+ AMG Line: 70: 134,3",svg_aria,2026-05-19T08:53:35Z
mercedes_benz_eqs_450_amg_line,Mercedes-Benz EQS 450+ AMG Line,61,71.0,131.4,530.9788732394366,216.0,589.9788732394366,234.0,"Mercedes-Benz EQS 450+ AMG Line: 71: 131,4",svg_aria,2026-05-19T08:53:35Z
mercedes_benz_eqs_450_amg_line,Mercedes-Benz EQS 450+ AMG Line,62,72.0,128.4,539.612676056338,223.0,598.612676056338,241.0,"Mercedes-Benz EQS 450+ AMG Line: 72: 128,4",svg_aria,2026-05-19T08:53:35Z
mercedes_benz_eqs_450_amg_line,Mercedes-Benz EQS 450+ AMG Line,63,73.0,126.4,548.2464788732394,228.0,607.2464788732394,246.0,"Mercedes-Benz EQS 450+ AMG Line: 73: 126,4",svg_aria,2026-05-19T08:53:35Z
mercedes_benz_eqs_450_amg_line,Mercedes-Benz EQS 450+ AMG Line,64,74.0,122.5,556.8802816901408,237.0,615.8802816901408,255.0,"Mercedes-Benz EQS 450+ AMG Line: 74: 122,5",svg_aria,2026-05-19T08:53:35Z
mercedes_benz_eqs_450_amg_line,Mercedes-Benz EQS 450+ AMG Line,65,75.0,120.1,565.5140845070422,243.0,624.5140845070422,261.0,"Mercedes-Benz EQS 450+ AMG Line: 75: 120,1",svg_aria,2026-05-19T08:53:35Z
mercedes_benz_eqs_450_amg_line,Mercedes-Benz EQS 450+ AMG Line,66,76.0,117.2,574.1478873239436,250.0,633.1478873239436,268.0,"Mercedes-Benz EQS 450+ AMG Line: 76: 117,2",svg_aria,2026-05-19T08:53:35Z
mercedes_benz_eqs_450_amg_line,Mercedes-Benz EQS 450+ AMG Line,67,77.0,114.3,582.7816901408451,257.0,641.7816901408451,275.0,"Mercedes-Benz EQS 450+ AMG Line: 77: 114,3",svg_aria,2026-05-19T08:53:35Z
mercedes_benz_eqs_450_amg_line,Mercedes-Benz EQS 450+ AMG Line,68,78.0,111.3,591.4154929577464,265.0,650.4154929577464,283.0,"Mercedes-Benz EQS 450+ AMG Line: 78: 111,3",svg_aria,2026-05-19T08:53:35Z
mercedes_benz_eqs_450_amg_line,Mercedes-Benz EQS 450+ AMG Line,69,79.0,106.6,600.0492957746478,276.0,659.0492957746478,294.0,"Mercedes-Benz EQS 450+ AMG Line: 79: 106,6",svg_aria,2026-05-19T08:53:35Z
mercedes_benz_eqs_450_amg_line,Mercedes-Benz EQS 450+ AMG Line,70,80.0,101.4,608.6830985915493,289.0,667.6830985915493,307.0,"Mercedes-Benz EQS 450+ AMG Line: 80: 101,4",svg_aria,2026-05-19T08:53:35Z
